CASE_T,DISTRICT,CASE_F,LOCATION,LANDA,LANDA_Z,SDATE,SCNT,SBUILD,TBUILD,BUITYPE,PBUILD,MBUILD,FDATE,FAREA,BUILD_R,BUILD_L,BUILD_B,BUILD_P,RULE,BUILD_C,TPRICE,UPRICE,UPNOTE,PARKTYPE,PAREA,PPRICE,RMNOTE,ELEVATOR,MB_AREA,SB_AREA,PU_AREA
買賣,中山區,房地(土地+建物),林森北路46-50號(雙號),2.09,,1100208,土地:1建物:1車位:,五層,012,大樓(11層含以上有電梯),商業用,鋼筋混凝土造,0671028,23.23,0,1,1,有,有,,1320,56.82,否,,0,0,,有,,,
買賣,內湖區,房地(土地+建物)+車位,成功路四段176-180號(雙號),5.97,,1100201,土地:1建物:1車位:1,五層,029,大樓(11層含以上有電梯),住家用,見其他登記事項,1070223,82.91,3,2,2,有,有,,6280,82.18,否,坡道平面1,8.8,190,裝潢戶,有,,,
買賣,內湖區,房地(土地+建物),安泰街1-5號(雙號),4.55,,1100227,土地:2建物:1車位:,五層,005,公寓(5樓含以下無電梯),住家用,鋼筋混凝土造,0741214,26.11,3,2,2,有,無,,1160,44.43,否,,0,0,建築物含有：頂樓加蓋。,無,,,
買賣,中山區,房地(土地+建物),新生北路一段51-55號(雙號),1.21,,1100223,土地:1建物:1車位:,三層,014,大樓(11層含以上有電梯),住家用,鋼筋混凝土造,0770613,11.79,1,1,1,有,有,,760,64.46,否,,0,0,,有,,,
買賣,內湖區,房地(土地+建物)+車位,成功路五段46-50號(單號),5.47,,1100201,土地:2建物:1車位:1,三層,011,大樓(11層含以上有電梯),商業用,鋼筋混凝土造,0891019,30.5,2,2,1,有,有,,1768,64.67,否,升降機械1,5.48,150,建築物含有：其他增建。,有,,,
買賣,內湖區,房地(土地+建物)+車位,文德路210巷30弄81-85號(單號),8.75,,1070126,土地:1建物:1車位:1,三層,025,大樓(11層含以上有電梯),見其他登記事項,見其他登記事項,1091224,68.31,3,2,2,有,無,,4680,72.79,否,坡道平面1,8,290,,有,,,
買賣,中山區,房地(土地+建物),農安街16-20號(單號),1.51,,1100228,土地:1建物:1車位:,八層,014,大樓(11層含以上有電梯),住家用,鋼筋混凝土造,0920618,13.96,2,1,1,有,有,,1050,75.21,否,,0,0,建築物含有：陽台外推、夾層。,有,,,
買賣,中山區,房地(土地+建物),民生東路二段81-85號(單號),2.6,,1100311,土地:1建物:1車位:,二層,007,華廈(10層含以下有電梯),住家用,鋼筋混凝土造,0690314,14.11,1,1,1,有,有,,720,51.03,否,,0,0,建築物含有：陽台外推。,有,,,
買賣,中山區,房地(土地+建物),敬業三路161-165號(雙號),14.24,,1100308,土地:1建物:1車位:,五層,008,華廈(10層含以下有電梯),住家用,鋼筋混凝土造,0890628,47.1,3,2,2,有,有,,2868,60.89,否,,0,0,,有,,,
買賣,中山區,房地(土地+建物),龍江路443巷1-5號(單號),6.23,,1100127,土地:2建物:1車位:,五層,005,公寓(5樓含以下無電梯),住家用,鋼筋混凝土造,0720107,26.44,2,2,1,有,無,,1352,51.13,否,,0,0,建築物含有：陽台外推、頂樓加蓋。,無,,,
買賣,中山區,房地(土地+建物),撫順街6-10號(雙號),3.09,,1100308,土地:1建物:1車位:,四層,008,華廈(10層含以下有電梯),商業用,鋼筋混凝土造,0711116,20.66,2,1,1,有,無,,1275,61.71,否,,0,0,建築物含有：陽台外推、其他增建。,有,,,
買賣,內湖區,房地(土地+建物)+車位,陽光街92巷25弄16-20號(單號),2.65,,1100305,土地:1建物:1車位:1,"一層,二層,三層,四層,五層,六層,七層,八層,九層,十層,屋頂突出物,地下一層,地下二層",010,華廈(10層含以下有電梯),住家用,鋼筋混凝土造,1021101,17.63,2,1,1,有,有,,1328,86.07,否,塔式車位1,4.06,160,,有,,,
買賣,內湖區,房地(土地+建物)+車位,成功路四段96-100號(單號),10.87,,1100125,土地:2建物:1車位:4,四層,023,大樓(11層含以上有電梯),住家用,鋼筋混凝土造,1030827,137.17,4,2,3,有,有,,8500,61.97,是,坡道平面4,0,1000,建築物含有：其他增建。,有,,,
買賣,內湖區,房地(土地+建物)+車位,民權東路六段210巷21弄6-10號(單號),2.32,,1100319,土地:1建物:1車位:1,二層,009,華廈(10層含以下有電梯),住家用,鋼筋混凝土造,1081111,18.18,1,1,1,有,有,,1398,76.9,是,塔式車位1,0,0,,有,,,
買賣,中山區,房地(土地+建物),新生北路三段41-45號(單號),1.99,,1100214,土地:2建物:1車位:,四層,011,大樓(11層含以上有電梯),住家用,鋼筋混凝土造,0670301,15.65,2,1,1,有,有,,970,61.98,否,,0,0,,有,,,
買賣,大安區,車位,和平東路三段446-450號(雙號),0.04,,1090821,土地:1建物:1車位:1,"一層,地下一層,地下二層,地下三層,地下四層,地下五層",013,,見其他登記事項,鋼筋混凝土造,1090804,11.19,,,,有,無,,220,0,-,坡道平面1,11.19,220,僅車位交易。,有,,,
租賃,中山區,建物,林森北路361-365號(單號),0,,1100301,土地:建物:1車位:,十四層,018,住宅大樓(11層含以上有電梯),商業用,鋼筋混凝土造,0980916,31.43,1,2,1,有,有,有,6,1749.92,否,,0,0,含管理費、稅金或水電等費用。,,,,
租賃,信義區,建物,莊敬路391巷1弄1-5號(雙號),0,,1100227,土地:建物:1車位:,一層,004,公寓(5樓含以下無電梯),住家用,鋼筋混凝土造,0610623,27.23,3,2,2,有,無,有,4,1579.14,否,,0,0,含增建或未登記建物。,,,,
買賣,中山區,房地(土地+建物)+車位,八德路二段121-125號(單號),5.92,,1100204,土地:4建物:1車位:1,"一層,二層",024,大樓(11層含以上有電梯),見其他登記事項,鋼骨鋼筋混凝土造,1071213,66.2,0,2,2,有,有,,6280,105.82,否,坡道平面1,9.69,300,,有,,,
租賃,中正區,建物,汀州路二段255巷5弄1-5號(單號),0,,1100225,土地:建物:1車位:,七層,007,華廈(10層含以下有電梯),住家用,鋼筋混凝土造,0730409,36.41,3,2,2,有,有,有,4,1076.63,否,,0,0,住宅及都市更新中心108年社會住宅包租代管第二期計畫,,,,
租賃,文山區,建物,新光路一段186-190號(單號),0,,1100227,土地:建物:1車位:,三層,005,公寓(5樓含以下無電梯),住家用,鋼筋混凝土造,0740409,25.77,3,2,1,有,無,無,2,659.68,否,,0,0,,,,,
租賃,信義區,建物,信義路四段456-460號(雙號),0,,1100225,土地:建物:1車位:,十六層,027,住宅大樓(11層含以上有電梯),商業用,見使用執照,0861230,117.05,,,,無,有,無,22,1879.54,否,,0,0,含管理費、稅金或水電等費用。,,,,
租賃,中山區,房地(土地+建物),龍江路306-310號(單號),7.09,,1100301,土地:2建物:1車位:,二層,007,華廈(10層含以下有電梯),住家用,鋼筋混凝土造,0711029,38.22,4,1,2,有,有,無,3,893.09,否,,0,0,,,,,
租賃,中山區,建物,新生北路三段46-50號(雙號),0,,1100301,土地:建物:1車位:,二層,012,住宅大樓(11層含以上有電梯),商業用,鋼筋混凝土造,0700504,13.52,1,,,無,無,有,1,872.78,否,,0,0,,,,,
租賃,中山區,建物,基湖路151巷31-35號(單號),0,,1100225,土地:建物:1車位:,三層,005,套房(1房(1廳)1衛),住家用,鋼筋混凝土造,0930630,11.67,1,1,1,有,有,有,2,1953.73,否,,0,0,含增建或未登記建物。租金含管理費。,,,,
租賃,中山區,建物,民權西路9巷21-25號(雙號),0,,1100301,土地:建物:1車位:,六層,014,套房(1房(1廳)1衛),見其他登記事項,鋼筋混凝土造,1011112,15.96,1,1,1,有,有,有,3,1879.7,否,,0,0,續租。含管理費、稅金或水電等費用。,,,,
租賃,中山區,建物,中山北路二段77巷1-5號(雙號),0,,1100226,土地:建物:1車位:,六層,008,辦公商業大樓,住家用,鋼筋混凝土造,0841109,32.1,2,2,1,有,有,有,3,996.88,否,,0,0,,,,,
租賃,士林區,建物,天母北路61-65號(單號),0,,1100226,土地:建物:1車位:,見其他登記事項,007,華廈(10層含以下有電梯),住家用,鋼筋混凝土造,0950613,141.04,4,2,2,有,無,無,13,921.72,否,,0,0,,,,,
租賃,士林區,建物,克強路15巷6-10號(單號),0,,1100225,土地:建物:1車位:,二層,004,公寓(5樓含以下無電梯),住家用,鋼筋混凝土造,0670712,36.34,2,2,2,有,無,有,3,715.47,否,,0,0,含管理費、稅金或水電等費用。,,,,
租賃,中山區,建物,松江路126-130號(雙號),0,,1100301,土地:建物:1車位:,三層,017,辦公商業大樓,見其他登記事項,見其他登記事項,1011116,56.74,,,,無,有,無,14,2450,否,,0,0,續租。,,,,
租賃,中山區,建物,南京東路二段21-25號(單號),0,,1100226,土地:建物:1車位:,八層,024,辦公商業大樓,住家用,見其他登記事項,1061208,55.45,,,,無,無,有,10,1803.43,否,,0,0,,,,,
租賃,北投區,建物,中央北路四段354巷31-35號(單號),0,,1100225,土地:建物:1車位:,五層,005,公寓(5樓含以下無電梯),住家用,鋼筋混凝土造,0721116,35.7,3,2,1,有,無,有,2,560.22,否,,0,0,國家住宅及都市更新中心108年社會住宅包租代管第二期計畫,,,,
買賣,士林區,房地(土地+建物),雨聲街66-70號(單號),12.27,,1100226,土地:2建物:1車位:,一層,,華廈(10層含以下有電梯),住家用,,,45.57,3,2,2,有,有,,3475,76.26,否,,0,0,,有,,,
買賣,大同區,房地(土地+建物),延平北路二段196-200號(單號),1.17,,1100309,土地:1建物:1車位:,九層,,大樓(11層含以上有電梯),住家用,,,14.6,2,1,1,有,有,,645,44.18,否,,0,0,,有,,,
買賣,信義區,房地(土地+建物),福德街81-85號(單號),9.08,,1100221,土地:1建物:1車位:,三層,,公寓(5樓含以下無電梯),住家用,,,24.32,3,2,1,有,無,,1600,65.79,否,,0,0,,無,,,
買賣,士林區,房地(土地+建物),忠義街126-130號(單號),7.26,,1100308,土地:1建物:1車位:,"一層,騎樓",,公寓(5樓含以下無電梯),見使用執照,,,27.06,1,1,1,有,無,,3030,111.97,否,,0,0,建築物含有：其他增建。,無,,,
買賣,士林區,房地(土地+建物),延平北路五段221-225號(單號),6.23,,1100207,土地:2建物:1車位:,八層,,華廈(10層含以下有電梯),住家用,,,49.72,9,1,9,有,無,,2438,49.03,否,,0,0,建築物含有：陽台外推、頂樓加蓋、其他增建。,有,,,
買賣,大安區,房地(土地+建物),安居街84巷1-5號(雙號),11.79,,1100218,土地:1建物:1車位:,一層,,公寓(5樓含以下無電梯),住家用,,,29.24,3,2,2,有,無,,1700,58.14,否,,0,0,關係人間交易：親友、員工、共有人或其他特殊關係間之交易。,無,,,
買賣,松山區,房地(土地+建物),南京東路五段59巷27弄11-15號(單號),14.42,,1100122,土地:2建物:1車位:,三層,,公寓(5樓含以下無電梯),,,,21.3,3,2,1,有,無,,1500,70.42,否,,0,0,,無,,,
買賣,信義區,房地(土地+建物),中坡南路181-185號(雙號),5.82,,1100202,土地:1建物:1車位:,四層,,公寓(5樓含以下無電梯),住家用,,,18.55,3,1,1,有,無,,1010,54.45,否,,0,0,,無,,,
買賣,大同區,房地(土地+建物),重慶北路三段201-205號(單號),1.88,,1100227,土地:2建物:1車位:,八層,,大樓(11層含以上有電梯),住家用,,,15.22,,,,無,有,,1156,75.95,否,,0,0,,有,,,
買賣,松山區,車位,八德路二段381-385號(單號),0.02,,1100228,土地:1建物:1車位:1,地下層,,,見使用執照,,,12.41,,,,有,有,,270,0,-,升降機械1,0,270,僅車位交易。,有,,,
買賣,信義區,房地(土地+建物),基隆路一段131-135號(單號),1.16,,1100318,土地:2建物:1車位:,四層,,大樓(11層含以上有電梯),見其他登記事項,,,10.02,1,1,1,有,有,,1210,120.76,否,,0,0,建築物含有：夾層、其他增建。,有,,,
買賣,士林區,房地(土地+建物),承德路四段40巷1-5號(雙號),3.88,,1100322,土地:1建物:1車位:,一層,,公寓(5樓含以下無電梯),住家用,,,10.77,1,1,1,有,無,,350,32.5,否,,0,0,,無,,,
買賣,南港區,房地(土地+建物),富康街72巷1-5號(雙號),11.65,,1100220,土地:1建物:1車位:,"四層,陽臺",,公寓(5樓含以下無電梯),住家用,,,35.38,3,2,2,有,無,,1866,52.74,否,,0,0,建築物含有：陽台外推、頂樓加蓋、其他增建。,無,,,
買賣,信義區,房地(土地+建物),忠孝東路五段790巷70弄16-20號(單號),5.42,,1100302,土地:3建物:1車位:,四層,,公寓(5樓含以下無電梯),住家用,,,25.55,3,2,1,有,無,,1576,61.68,否,,0,0,,無,,,
買賣,大安區,房地(土地+建物)+車位,和平東路三段66-70號(雙號),6.53,,1100227,土地:2建物:1車位:2,八層,,大樓(11層含以上有電梯),見其他登記事項,,,77.83,3,2,2,有,有,,5850,75.16,是,"坡道平面1,坡道機械1",19.14,0,,有,,,
買賣,北投區,房地(土地+建物),復興一路51-55號(雙號),7.77,,1100219,土地:2建物:1車位:,一層,,公寓(5樓含以下無電梯),住家用,,,19.66,1,2,1,有,無,,825,41.96,否,,0,0,,無,,,
買賣,大安區,房地(土地+建物),大安路一段81-85號(單號),2.16,,1100324,土地:1建物:1車位:,五層,,華廈(10層含以下有電梯),住家用,,,19.56,1,0,1,有,無,,1858,94.99,否,,0,0,關係人間交易：親友、員工、共有人或其他特殊關係間之交易。,有,,,
買賣,松山區,房地(土地+建物),南京東路四段52巷1-5號(雙號),3.08,,1100204,土地:2建物:1車位:,七層,,大樓(11層含以上有電梯),住家用,,,31.75,4,2,2,有,有,,2000,62.99,否,,0,0,關係人間交易：親友、員工、共有人或其他特殊關係間之交易。,有,,,
買賣,中正區,房地(土地+建物),中華路二段136-140號(單號),1.21,,1100317,土地:1建物:1車位:,六層,,華廈(10層含以下有電梯),住家用,,,6.73,3,2,1,有,無,,228,33.88,否,,0,0,關係人間交易：親友、員工、共有人或其他特殊關係間之交易。,有,,,
買賣,文山區,房地(土地+建物)+車位,辛亥路四段166巷21-25號(單號),6.59,,1100313,土地:1建物:1車位:1,二層,,華廈(10層含以下有電梯),見其他登記事項,,,33.7,2,2,1,有,有,,1760,61.99,否,坡道機械1,8.05,170,,有,,,
買賣,北投區,房地(土地+建物),杏林二路21-25號(單號),8.47,,1100306,土地:1建物:1車位:,四層,,公寓(5樓含以下無電梯),住家用,,,31,3,2,2,有,無,,1060,34.19,否,,0,0,建築物含有：陽台外推、其他增建。,無,,,
買賣,文山區,房地(土地+建物),木新路三段50巷10弄1-5號(單號),4.98,,1100302,土地:1建物:1車位:,二層,,大樓(11層含以上有電梯),見其他登記事項,,,19.25,2,1,1,有,有,,1090,56.62,否,,0,0,,有,,,
買賣,士林區,土地,菁山段二小段411-415地號,455.33,,1100318,土地:1建物:0車位:,,,,,,,0,,,,無,無,,1450,3.18,-,,0,0,關係人間交易：親友、員工、共有人或其他特殊關係間之交易。土地上有：未登記建物。,無,,,
買賣,大安區,車位,忠孝東路四段181巷40弄6-10號(單號),0.44,,1100311,土地:1建物:1車位:1,地下四層,,,停車空間,,,7.64,,,,有,有,,290,0,-,坡道平面1,7.64,290,僅車位交易。,有,,,
買賣,中山區,車位,植福路286巷26-30號(雙號),0.38,,1100311,土地:1建物:1車位:1,"地下一層,地下二層,地下三層,地下四層",,,見其他登記事項,,,11.46,,,,有,有,,340,0,-,坡道平面1,11.46,340,僅車位交易。,有,,,
買賣,北投區,房地(土地+建物)+車位,立農街二段202巷9弄6-10號(雙號),11.81,,1100301,土地:1建物:1車位:1,二層,,公寓(5樓含以下無電梯),住家用,,,33.72,3,2,2,有,無,,1938,57.47,是,一樓平面1,0,0,,無,,,
預售屋,北投區,房地(土地+建物)+車位,文林段四小段176-180地號,8.22,,1091105,土地:13建物:1車位:1,七層,014,住宅大樓(11層含以上有電梯),住家用,鋼筋混凝土造,,56.59,3,2,2,有,,,3880,79.79,否,坡道平面1,11.22,260,,,27.63,2.57,26.38
買賣,中正區,房地(土地+建物),漢口街一段131-135號(雙號),1.91,,1100319,土地:1建物:1車位:,五層,,華廈(10層含以下有電梯),住家用,,,14.8,1,1,1,有,有,,850,57.43,否,,0,0,,有,,,
買賣,北投區,房地(土地+建物)+車位,大業路461-465號(雙號),1.65,,1100310,土地:3建物:1車位:1,"二層,電梯樓梯間",,大樓(11層含以上有電梯),住家用,,,14.74,3,2,2,有,有,,730,49.53,是,坡道平面1,0,0,,有,,,
買賣,萬華區,房地(土地+建物),康定路26-30號(雙號),5.1,,1100204,土地:1建物:1車位:,地下層,,大樓(11層含以上有電梯),見使用執照,,,41.65,,,,無,有,,750,18.01,否,,0,0,關係人間交易：親友、員工、共有人或其他特殊關係間之交易。,有,,,
買賣,大安區,房地(土地+建物),四維路198巷38弄11-15號(單號),5.87,,1100121,土地:1建物:1車位:,八層,,大樓(11層含以上有電梯),住家用,,,30.63,2,2,1,有,有,,2400,78.35,否,,0,0,,有,,,
買賣,大安區,車位,復興南路一段256-260號(單號),0.81,,1100317,土地:2建物:1車位:1,"避難室兼停車場,見使用執照",,,見其他登記事項,,,8.09,,,,無,有,,320,0,-,坡道平面1,0,320,僅車位交易。,有,,,
預售屋,北投區,房地(土地+建物)+車位,文林段四小段176-180地號,10.53,,1091119,土地:13建物:1車位:1,十一層,014,住宅大樓(11層含以上有電梯),住家用,鋼筋混凝土造,,69.42,4,2,3,有,,,5340,86.77,否,坡道平面1,11.22,290,,,34.63,4.12,30.67
買賣,文山區,房地(土地+建物),木柵路二段109巷27弄6-10號(雙號),11.92,,1100316,土地:4建物:1車位:,二層,,公寓(5樓含以下無電梯),住家用,,,32.78,3,2,2,有,有,,1230,37.52,否,,0,0,,無,,,
買賣,南港區,房地(土地+建物)+車位,園區街1-5號(單號),36.89,,1100315,土地:1建物:1車位:3,十層,,大樓(11層含以上有電梯),見其他登記事項,,,208.06,,,,無,有,,12000,57.68,是,"坡道機械1,坡道平面2",43.12,0,,有,,,
預售屋,北投區,房地(土地+建物)+車位,文林段四小段176-180地號,8.22,,1091108,土地:13建物:1車位:1,十三層,014,住宅大樓(11層含以上有電梯),住家用,鋼筋混凝土造,,56.59,3,2,2,有,,,4328,89,否,坡道平面1,11.22,290,,,27.63,2.57,26.38
買賣,士林區,土地,至善段七小段31-35地號,200.58,,1091007,土地:1建物:0車位:,,,,,,,0,,,,無,無,,2000,9.97,-,,0,0,,無,,,
買賣,北投區,房地(土地+建物),文化三路16-20號(單號),16.2,,1100221,土地:1建物:1車位:,四層,,公寓(5樓含以下無電梯),住家用,,,44.75,3,2,2,有,有,,1636,36.56,否,,0,0,,無,,,
買賣,文山區,房地(土地+建物)+車位,政大一街1-5號(單號),18.49,,1100301,土地:1建物:1車位:1,五層,,華廈(10層含以下有電梯),住家用,,,39.9,3,2,2,有,有,,1750,43.86,是,塔式車位1,4.38,0,,有,,,
預售屋,北投區,房地(土地+建物)+車位,文林段四小段176-180地號,10.53,,1091117,土地:13建物:1車位:1,五層,014,住宅大樓(11層含以上有電梯),住家用,鋼筋混凝土造,,69.42,4,2,3,有,,,4630,74.74,否,坡道平面1,11.22,280,,,34.63,4.12,30.67
買賣,中正區,房地(土地+建物),漢口街一段106-110號(雙號),1.59,,1100305,土地:2建物:1車位:,六層,,華廈(10層含以下有電梯),商業用,,,13.67,0,1,1,有,有,,805,58.89,否,,0,0,建築物含有：陽台外推。,有,,,
買賣,士林區,房地(土地+建物)+車位,芝玉路二段86-90號(雙號),12.54,,1100318,土地:1建物:1車位:2,七層,,華廈(10層含以下有電梯),見其他登記事項,,,63.26,3,2,2,有,有,,5065,88.9,否,"一樓平面1,升降機械1",8.87,230,車位編號11，係行動不便停車位，由全棟住戶共同持有，其價格含在主建物。,有,,,
買賣,信義區,房地(土地+建物)+車位,基隆路二段176-180號(單號),4.01,,1100226,土地:2建物:1車位:1,九層,,大樓(11層含以上有電梯),住家用,,,57.83,1,2,2,有,有,,4130,71.42,是,坡道平面1,0,280,,有,,,
買賣,內湖區,房地(土地+建物)+車位,成功路四段186-190號(雙號),7.58,,1100316,土地:1建物:1車位:1,十三層,015,大樓(11層含以上有電梯),見其他登記事項,鋼筋混凝土造,1050616,55.6,0,0,1,有,有,,3448,80.67,否,坡道平面1,15.88,243.92,與政府有關之交易：政府機關標讓售。,有,,,
買賣,內湖區,房地(土地+建物)+車位,行善路381-385號(單號),8.19,,1100324,土地:1建物:1車位:1,二層,012,大樓(11層含以上有電梯),見其他登記事項,鋼筋混凝土造,1021017,51.75,1,1,1,有,有,,2500,48.31,是,坡道平面1,5.4,0,,有,,,
買賣,內湖區,房地(土地+建物)+車位,康樂街131巷6-10號(雙號),18.68,,1100302,土地:1建物:1車位:1,"八層,九層",009,華廈(10層含以下有電梯),住家用,鋼筋混凝土造,0820604,77.74,5,2,4,有,有,,3168,40.75,是,坡道平面1,0,0,,有,,,
買賣,內湖區,房地(土地+建物),內湖路一段737巷8弄6-10號(雙號),5.92,,1100202,土地:1建物:1車位:,四層,005,公寓(5樓含以下無電梯),住家用,鋼筋混凝土造,0690415,30.43,4,2,2,有,無,,1535,50.44,否,,0,0,,無,,,
買賣,中山區,房地(土地+建物),敬業一路181-185號(單號),4.96,,1100314,土地:1建物:1車位:,五層,009,華廈(10層含以下有電梯),見其他登記事項,鋼筋混凝土造,0970422,16.56,1,1,1,有,有,,1588,95.89,否,,0,0,,有,,,
買賣,內湖區,房地(土地+建物)+車位,內湖路一段91巷16-20號(單號),25.08,,1100115,土地:1建物:1車位:2,五層,010,華廈(10層含以下有電梯),工業用,鋼筋混凝土造,0940308,102.67,0,0,2,有,有,,4500,43.83,是,坡道平面2,19.51,0,關係人間交易：親友、員工、共有人或其他特殊關係間之交易。,有,,,
買賣,內湖區,房地(土地+建物)+車位,陽光街161巷11-15號(雙號),16.79,,1100306,土地:1建物:1車位:1,二層,005,華廈(10層含以下有電梯),住家用,鋼筋混凝土造,1080716,33.35,3,1,1,有,有,,2570,74.26,否,塔式車位1,0.76,150,,有,,,
買賣,中山區,房地(土地+建物),新生北路二段68巷26-30號(雙號),1.78,,1100318,土地:2建物:1車位:,五層,007,華廈(10層含以下有電梯),商業用,鋼筋混凝土造,0670505,12.2,1,0,1,有,有,,688,56.39,否,,0,0,建築物含有：陽台外推。,有,,,
買賣,內湖區,房地(土地+建物)+車位,康寧路三段16巷116-120號(雙號),7.74,,1100218,土地:1建物:1車位:1,八層,010,華廈(10層含以下有電梯),住家用,鋼骨鋼筋混凝土造,0910613,40.87,3,2,2,有,有,,2536,62.05,是,坡道平面1,5.92,0,建築物含有：陽台外推、其他增建。,有,,,
買賣,中山區,房地(土地+建物),新生北路二段60巷16-20號(單號),1.23,,1100312,土地:1建物:1車位:,一層,019,大樓(11層含以上有電梯),見其他登記事項,鋼骨鋼筋混凝土造,1050322,13.96,1,1,1,有,有,,1355,97.06,否,,0,0,,有,,,
買賣,內湖區,房地(土地+建物)+車位,內湖路三段72巷61-65號(單號),6.48,,1100227,土地:1建物:1車位:1,五層,008,大樓(11層含以上有電梯),住家用,鋼筋混凝土造,0830804,37.38,2,2,1,有,有,,1718,61.35,否,坡道平面1,13.45,250,,有,,,
買賣,中山區,房地(土地+建物),德惠街51-55號(雙號),0.82,,1100302,土地:1建物:1車位:,七層,011,大樓(11層含以上有電梯),住家用,鋼筋混凝土造,0710227,8.96,1,1,1,有,有,,480,53.57,否,,0,0,,有,,,
買賣,中山區,房地(土地+建物)+車位,明水路557巷16-20號(單號),14.86,,1091228,土地:1建物:1車位:2,四層,011,大樓(11層含以上有電梯),住家用,鋼筋混凝土造,0840718,89.27,4,2,2,有,有,,5580,62.51,是,坡道平面2,0,400,建築物含有：其他增建。兩個車位面積合計為79.16平方公尺,有,,,
買賣,中山區,房地(土地+建物),北安路821巷3弄1-5號(單號),9.22,,1100220,土地:2建物:1車位:,一層,005,公寓(5樓含以下無電梯),住家用,鋼筋混凝土造,0770930,34.59,2,2,2,有,無,,2250,65.05,否,,0,0,,無,,,
買賣,中山區,房地(土地+建物),林森北路261-265號(單號),0.92,,1100306,土地:2建物:1車位:,五層,012,大樓(11層含以上有電梯),商業用,鋼筋混凝土造,0710707,10.88,1,1,1,有,有,,680,62.5,否,,0,0,,有,,,
租賃,中山區,房地(土地+建物)+車位,新生北路二段62巷6-10號(雙號),0,,1100301,土地:1建物:1車位:1,五層,019,住宅大樓(11層含以上有電梯),住家用,鋼骨鋼筋混凝土造,1050322,56.71,3,2,2,有,無,有,8,1322.52,是,坡道平面1,0,0,,,,,
租賃,中山區,房地(土地+建物),長春路76-80號(雙號),22.81,,1100301,土地:1建物:1車位:,八層,012,辦公商業大樓,共有部分,鋼筋混凝土造,0670907,22.81,1,1,1,有,無,無,3,1096.01,否,,0,0,,,,,
租賃,萬華區,建物,德昌街185巷27弄1-5號(雙號),0,,1100225,土地:建物:1車位:,一層,004,公寓(5樓含以下無電梯),工業用,鋼筋混凝土造,0621214,21.58,3,1,1,有,無,有,2,926.78,否,,0,0,,,,,
租賃,北投區,房地(土地+建物),裕民六路126-130號(雙號),14.31,,1100222,土地:1建物:1車位:,三層,010,華廈(10層含以下有電梯),商業用,鋼筋混凝土造,0860225,15,1,1,1,有,有,有,2,1200,否,,0,0,此為分租套房.面積為共五間套房.只承租一間.,,,,
租賃,中正區,建物,和平西路一段11-15號(單號),0,,1100227,土地:建物:車位:,十層,011,套房(1房(1廳)1衛),商業用,鋼筋混凝土造,,12.89,1,0,1,有,無,有,1,1008.53,否,,0,0,此為分租套房，房號119，第10層分成21間，一間平均面積為42.6平方公尺,,,,
租賃,內湖區,建物,新豐街151-155號(單號),0,,1100225,土地:建物:1車位:1,四層,008,華廈(10層含以下有電梯),住家用,鋼筋混凝土造,0980814,53.24,3,2,2,有,有,有,5,901.58,是,坡道機械1,0,0,,,,,
租賃,萬華區,建物,貴陽街二段246-250號(雙號),0,,1100225,土地:建物:1車位:,五層,006,華廈(10層含以下有電梯),住家用,鋼筋混凝土造,0730608,28.85,,,,無,無,無,2,658.58,否,,0,0,,,,,
租賃,大安區,建物,光復南路201-205號(雙號),0,,1100224,土地:建物:1車位:,七層,012,住宅大樓(11層含以上有電梯),住家用,鋼筋混凝土造,0660718,25.32,2,2,2,有,有,有,4,1382.31,否,,0,0,,,,,
租賃,中山區,建物,德惠街6-10號(雙號),0,,1100301,土地:建物:1車位:,四層,012,住宅大樓(11層含以上有電梯),見其他登記事項,鋼筋混凝土造,0951113,11.55,1,1,1,有,有,有,2,2034.63,否,,0,0,,,,,
租賃,中山區,建物,中山北路二段77巷6-10號(雙號),0,,1100225,土地:建物:1車位:,十二層,014,住宅大樓(11層含以上有電梯),商業用,鋼筋混凝土造,0901112,16.59,2,1,1,有,有,有,3,1808.32,否,,0,0,續租。含管理費、稅金或水電等費用。,,,,
租賃,萬華區,建物,康定路21-25號(雙號),0,,1100226,土地:建物:1車位:,八層,011,住宅大樓(11層含以上有電梯),住家用,鋼筋混凝土造,0680507,7.53,1,0,1,有,有,有,1,1593.63,否,,0,0,台北市都發局社會住宅包租代管第2期計畫,,,,
租賃,松山區,建物,復興北路81巷6-10號(雙號),0,,1100223,土地:建物:1車位:,十層,010,華廈(10層含以下有電梯),住家用,鋼筋混凝土造,1001031,53.97,3,2,3,有,有,有,9,1574.95,否,,0,0,含管理費、稅金或水電等費用。,,,,
租賃,中正區,建物,開封街一段106巷6-10號(雙號),0,,1100224,土地:建物:車位:,一層,003,套房(1房(1廳)1衛),,磚造,,4.61,1,0,1,有,無,有,1,1757.05,否,,0,0,此為分租套房，房號102，第1層分成4間，一間平均面積為15.23平方公尺,,,,
租賃,萬華區,建物,西寧南路216-220號(單號),0,,1100227,土地:建物:車位:,八層,010,套房(1房(1廳)1衛),住家用,鋼筋混凝土造,0620303,7.94,1,0,1,有,無,有,1,1423.17,否,,0,0,此為分租套房，房號807，第8層分成8間，一間平均面積為26.26平方公尺,,,,
租賃,士林區,建物,士東路266巷15弄1-5號(單號),0,,1100226,土地:建物:1車位:1,九層,015,住宅大樓(11層含以上有電梯),住家用,鋼筋混凝土造,0971229,113.8,4,2,3,有,有,有,16,1433.82,是,坡道平面1,11.5,0,,,,,
租賃,中正區,房地(土地+建物),忠孝東路一段81-85號(單號),2.1,,1100228,土地:1建物:1車位:,十層,025,住宅大樓(11層含以上有電梯),商業用,鋼筋混凝土造,0781230,40.13,3,2,2,有,有,有,4,1071.52,否,,0,0,,,,,
租賃,中山區,建物,農安街6-10號(雙號),0,,1100226,土地:建物:1車位:,二層,014,套房(1房(1廳)1衛),商業用,鋼筋混凝土造,0980622,17.68,1,1,1,有,有,有,3,1583.71,否,,0,0,租金含管理費。,,,,
租賃,中山區,建物,撫順街11-15號(單號),0,,1100226,土地:建物:1車位:,十二層,015,住宅大樓(11層含以上有電梯),住家用,鋼筋混凝土造,1000630,32.69,2,1,1,有,有,有,6,1835.42,否,,0,0,續租。租金含管理費,,,,
租賃,士林區,房地(土地+建物),中山北路六段256-260號(雙號),44.17,,1091126,土地:1建物:1車位:,見其他登記事項,002,透天厝,住家用,加強磚造,0540830,72.48,,,,無,無,無,10,1379.69,-,,0,0,,,,,
租賃,士林區,房地(土地+建物)+車位,德行東路109巷76-80號(單號),50.82,,1000226,土地:1建物:1車位:1,四層,012,住宅大樓(11層含以上有電梯),見其他登記事項,鋼筋混凝土造,1030213,85.6,3,2,2,有,無,無,14,1635.51,是,坡道平面1,0,0,,,,,
買賣,松山區,房地(土地+建物),復興北路1-5號(單號),4.01,,1100205,土地:1建物:1車位:,十六層,,大樓(11層含以上有電梯),商業用,,,51.21,5,2,0,有,有,,3738,72.99,否,,0,0,,有,,,
買賣,中山區,土地,北安段二小段196-200地號,1.68,,1100312,土地:1建物:0車位:,,,,,,,0,,,,無,無,,17,10.12,-,,0,0,特殊交易標的類型：(包含)公共設施保留地(用地)。,無,,,
買賣,松山區,房地(土地+建物),富錦街551-555號(雙號),5.64,,1100130,土地:1建物:1車位:,一層,,華廈(10層含以下有電梯),住家用,,,37.87,3,2,2,有,有,,2750,72.62,否,,0,0,建築物含有：其他增建。,有,,,
買賣,大同區,房地(土地+建物)+車位,承德路三段151-155號(雙號),6.99,,1100118,土地:2建物:1車位:3,七層,,大樓(11層含以上有電梯),住家用,,,58.89,3,2,2,有,有,,1350,22.92,是,坡道機械3,0,0,關係人間交易：親友、員工、共有人或其他特殊關係間之交易。,有,,,
買賣,北投區,房地(土地+建物)+車位,中央北路三段40巷38弄16-20號(雙號),6.65,,1070831,土地:1建物:1車位:1,四層,,華廈(10層含以下有電梯),見其他登記事項,,,27.95,2,2,1,有,無,,1128,43.94,否,坡道平面1,6.15,170,預售屋、或土地及建物分次登記案件。管理委員會組織籌備中。,有,,,
買賣,士林區,房地(土地+建物),社中街131-135號(雙號),8.98,,1100228,土地:1建物:1車位:,三層,,公寓(5樓含以下無電梯),住家用,,,31.32,2,2,1,有,無,,1168,37.29,否,,0,0,建築物含有：陽台外推、其他增建。,無,,,
買賣,信義區,房地(土地+建物),虎林街59巷6-10號(雙號),6.5,,1100223,土地:2建物:1車位:,三層,,公寓(5樓含以下無電梯),住家用,,,17.95,2,1,1,有,無,,800,44.57,否,,0,0,關係人間交易：親友、員工、共有人或其他特殊關係間之交易。特殊交易情況、條件：瑕疵物件。特殊交易標的類型：(包含)公共設施保留地(用地)。,無,,,
買賣,信義區,土地,永吉段三小段506-510地號,10.89,,1100204,土地:1建物:0車位:,,,,,,,0,,,,無,無,,1087,99.82,-,,0,0,與政府有關之交易：政府機關標讓售。申購市有遷建基地,無,,,
買賣,信義區,房地(土地+建物),松山路461-465號(雙號),13.47,,1100305,土地:2建物:1車位:,四層,,公寓(5樓含以下無電梯),住家用,,,22.55,4,2,2,有,無,,1870,82.93,否,,0,0,,無,,,
買賣,大安區,房地(土地+建物)+車位,信義路四段265巷21弄21-25號(單號),8.16,,1091210,土地:1建物:1車位:2,四層,,華廈(10層含以下有電梯),住家用,,,59.41,3,2,2,有,有,,4688,91.02,否,升降機械2,11.86,360,,有,,,
買賣,信義區,土地,雅祥段三小段576-580地號,4.24,,1100312,土地:1建物:0車位:,,,,,,,0,,,,無,無,,20,4.72,-,,0,0,,無,,,
買賣,大安區,房地(土地+建物),師大路83巷11-15號(雙號),8.13,,1100208,土地:2建物:1車位:,五層,,公寓(5樓含以下無電梯),住家用,,,22.54,2,2,2,有,無,,1200,53.24,否,,0,0,關係人間交易：親友、員工、共有人或其他特殊關係間之交易。建築物含有：陽台外推、頂樓加蓋。,無,,,
買賣,北投區,房地(土地+建物),稻香路181-185號(單號),7.89,,1100323,土地:1建物:1車位:,四層,,華廈(10層含以下有電梯),住家用,,,25.43,2,2,2,有,有,,650,25.56,否,,0,0,,有,,,
買賣,信義區,房地(土地+建物),松山路626-630號(雙號),4.65,,1100223,土地:1建物:1車位:,四層,,華廈(10層含以下有電梯),住家用,,,16.95,2,1,1,有,有,,1458,86.02,否,,0,0,建築物含有：夾層。,有,,,
買賣,南港區,房地(土地+建物),成福路196-200號(雙號),7.05,,1100221,土地:1建物:1車位:,五層,,公寓(5樓含以下無電梯),住家用,,,25.6,2,2,1,有,無,,1110,43.36,否,,0,0,建築物含有：其他增建。,無,,,
買賣,南港區,土地,玉成段一小段56-60地號,456.53,,1100205,土地:3建物:0車位:,,,,,,,0,,,,無,無,,72000,157.71,-,,0,0,,無,,,
買賣,文山區,房地(土地+建物),萬美街二段2巷1-5號(單號),19.9,,1100216,土地:1建物:1車位:,五層,,大樓(11層含以上有電梯),見其他登記事項,,,30.65,3,2,1,有,有,,1170,38.17,否,,0,0,,有,,,
買賣,文山區,房地(土地+建物),興隆路四段179巷1-5號(單號),6.35,,1100304,土地:1建物:1車位:,"一層,停車場",,公寓(5樓含以下無電梯),住家用,,,35.69,3,2,2,有,無,,1850,51.84,否,,0,0,建築物含有：其他增建。,無,,,
買賣,信義區,車位,吳興街118巷15弄1-5號(單號),0.4,,1100312,土地:1建物:1車位:2,地下二層,,,見使用執照,,,14.67,,,,有,無,,160,0,-,升降機械2,0,160,僅車位交易。,有,,,
買賣,北投區,房地(土地+建物)+車位,崇仁路一段116-120號(雙號),7.8,,1100313,土地:1建物:1車位:1,五層,,華廈(10層含以下有電梯),住家用,,,36.45,3,2,1,有,有,,1680,46.09,是,升降平面1,0,0,建築物含有：陽台外推、其他增建。,有,,,
買賣,大安區,建物,東豐街21-25號(雙號),0,,1100218,土地:0建物:4車位:,一層,,華廈(10層含以下有電梯),商業用,,,99.37,,,,無,無,,880,8.86,-,,0,0,關係人間交易：親友、員工、共有人或其他特殊關係間之交易。,有,,,
買賣,北投區,車位,中央北路三段40巷34弄21-25號(單號),0.01,,1100222,土地:1建物:1車位:1,"一層,地下一層,地下二層,地下三層",,,住家用,,,5.07,,,,有,有,,68,0,-,升降機械1,5.06,68,僅車位交易。,有,,,
買賣,文山區,房地(土地+建物)+車位,辛亥路七段1-5號(單號),10.19,,1100318,土地:1建物:1車位:1,三層,,大樓(11層含以上有電梯),見其他登記事項,,,65.42,3,2,2,有,有,,3270,54.73,否,坡道平面1,10.06,240,,有,,,
買賣,大同區,房地(土地+建物),西寧北路111-115號(雙號),5.89,,1100118,土地:1建物:1車位:,七層,,華廈(10層含以下有電梯),,,,45.45,0,1,1,有,有,,1992,43.83,否,,0,0,建築物含有：陽台外推。,有,,,
買賣,士林區,房地(土地+建物),福華路128巷1弄11-15號(雙號),7.11,,1100322,土地:1建物:1車位:,三層,,公寓(5樓含以下無電梯),住家用,,,19.76,2,1,1,有,無,,1200,60.73,否,,0,0,關係人間交易：親友、員工、共有人或其他特殊關係間之交易。,無,,,
買賣,士林區,房地(土地+建物),福壽街16-20號(單號),10.13,,1100313,土地:1建物:1車位:,一層,,公寓(5樓含以下無電梯),住家用,,,12.28,,,,無,無,,2350,191.37,否,,0,0,建築物含有：其他增建。本案建物為店面使用,無,,,
買賣,大安區,房地(土地+建物),光復南路72巷23弄1-5號(單號),4.42,,1100125,土地:1建物:1車位:,四層,,華廈(10層含以下有電梯),住家用,,,22.92,2,2,1,有,無,,2030,88.57,否,,0,0,建築物含有：其他增建、陽台外推。,有,,,
買賣,松山區,房地(土地+建物),三民路74巷1-5號(單號),8.14,,1100302,土地:1建物:1車位:,五層,,華廈(10層含以下有電梯),見其他登記事項,,,34.69,3,2,1,有,有,,2700,77.83,否,,0,0,建築物含有：陽台外推。,有,,,
買賣,士林區,房地(土地+建物)+車位,德行東路283巷31-35號(單號),3.41,,1100310,土地:1建物:1車位:1,六層,,華廈(10層含以下有電梯),見其他登記事項,,,11.95,2,1,1,有,有,,1102,92.22,是,塔式車位1,0,0,,有,,,
買賣,南港區,房地(土地+建物)+車位,昆陽街176-180號(雙號),5.6,,1080201,土地:1建物:1車位:1,"一層,二層,三層,四層,五層,六層,七層,八層,九層,十層,十一層,十二層,屋頂突出物,地下一層,地下二層,地下三層",,大樓(11層含以上有電梯),見其他登記事項,,,37.96,3,2,2,有,有,,2360,74.25,否,坡道平面1,10.08,290,,有,,,
買賣,士林區,房地(土地+建物),中山北路七段14巷26-30號(單號),7.16,,1100301,土地:1建物:1車位:,五層,,華廈(10層含以下有電梯),住家用,,,31.75,3,2,2,有,無,,2150,67.72,否,,0,0,建築物含有：陽台外推、其他增建。,有,,,
買賣,北投區,房地(土地+建物),中山路1-5號(單號),4.34,,1100324,土地:1建物:1車位:,十二層,,大樓(11層含以上有電梯),住家用,,,30.58,2,1,1,有,有,,1828,59.78,否,,0,0,,有,,,
買賣,信義區,房地(土地+建物)+車位,信義路五段51-55號(單號),35.86,,1100224,土地:2建物:1車位:3,二十五層,,大樓(11層含以上有電梯),見其他登記事項,,,288.44,,,,無,有,,57000,215.22,否,坡道平面3,30.01,1380,,有,,,
買賣,北投區,房地(土地+建物),自強街76-80號(雙號),12.5,,1100226,土地:1建物:1車位:,一層,,公寓(5樓含以下無電梯),商業用,,,58.52,,,,無,無,,4000,68.35,否,,0,0,,無,,,
買賣,北投區,房地(土地+建物)+車位,行義路130巷6-10號(雙號),20.48,,1100206,土地:1建物:1車位:1,三層,,華廈(10層含以下有電梯),住家用,,,48.75,3,2,2,有,有,,2260,46.36,是,坡道平面1,9.07,0,建築物含有：陽台外推、其他增建。,有,,,
買賣,南港區,土地,南港段一小段916-920地號,294.64,,1091231,土地:2建物:0車位:,,,,,,,0,,,,無,無,,29464,100,-,,0,0,,無,,,
買賣,大安區,房地(土地+建物),瑞安街23巷16-20號(雙號),6.76,,1100223,土地:1建物:1車位:,"六層,陽臺",,華廈(10層含以下有電梯),住家用,,,37.39,4,2,2,有,無,,3438,91.95,否,,0,0,建築物含有：陽台外推。,有,,,
買賣,中正區,房地(土地+建物)+車位,中華路一段95巷6-10號(單號),6.2,,1100302,土地:1建物:1車位:1,五層,,大樓(11層含以上有電梯),住家用,,,86.76,,,,無,無,,6500,85.61,否,坡道平面1,16.09,450,,有,,,
買賣,信義區,房地(土地+建物)+車位,忠孝東路四段553巷22弄46-50號(單號),10.38,,1100220,土地:1建物:1車位:1,三層,,華廈(10層含以下有電梯),住家用,,,65.37,3,2,2,有,有,,5080,77.71,是,升降機械1,0,0,,有,,,
買賣,士林區,房地(土地+建物),福林路261-265號(單號),5.63,,1100203,土地:2建物:1車位:,一層,,華廈(10層含以下有電梯),見使用執照,,,28.3,2,2,2,有,有,,1560,55.12,否,,0,0,建築物含有：其他增建。,有,,,
買賣,松山區,車位,延吉街46巷1-5號(單號),1.71,,1100306,土地:2建物:1車位:1,地下層,,,見使用執照,,,14.73,,,,有,有,,220,0,-,坡道平面1,0,0,關係人間交易：親友、員工、共有人或其他特殊關係間之交易。僅車位交易。,有,,,
買賣,南港區,房地(土地+建物),研究院路二段34巷16-20號(單號),9.01,,1100221,土地:1建物:1車位:,四層,,公寓(5樓含以下無電梯),住家用,,,30.35,3,2,2,有,無,,1300,42.83,否,,0,0,建築物含有：其他增建。,無,,,
買賣,士林區,房地(土地+建物)+車位,芝玉路二段86-90號(雙號),12.54,,1100319,土地:1建物:1車位:2,二層,,華廈(10層含以下有電梯),見其他登記事項,,,63.21,3,2,2,有,有,,4700,82.27,否,"一樓平面1,升降機械1",8.88,230,車位編號11，係行動不便停車位，由全棟住戶共同持有，其價格含在主建物。,有,,,
買賣,萬華區,房地(土地+建物),青年路61-65號(雙號),7.27,,1100222,土地:1建物:1車位:,二層,,大樓(11層含以上有電梯),住家用,,,30.56,3,2,1,有,有,,1300,42.54,否,,0,0,關係人間交易：親友、員工、共有人或其他特殊關係間之交易。,有,,,
買賣,士林區,土地,芝山段二小段346-350地號,0.02,,1100310,土地:5建物:0車位:,,,,,,,0,,,,無,無,,0,0,-,,0,0,特殊交易標的類型：(包含)公共設施保留地(用地)。,無,,,
買賣,大安區,房地(土地+建物)+車位,杭州南路二段61巷1-5號(雙號),8.38,,1100131,土地:1建物:1車位:1,四層,,華廈(10層含以下有電梯),住家用,,,37.21,2,2,1,有,有,,3680,98.9,是,升降機械1,3.61,0,,有,,,
買賣,文山區,房地(土地+建物)+車位,羅斯福路六段142巷20弄26-30號(單號),11.94,,1100128,土地:1建物:1車位:1,"七層,電梯樓梯間",,華廈(10層含以下有電梯),住家用,,,57.84,3,2,2,有,有,,2800,48.41,是,坡道平面1,0,0,關係人間交易：親友、員工、共有人或其他特殊關係間之交易。,有,,,
買賣,北投區,土地,新洲美段6-10地號,8.44,,1100318,土地:2建物:0車位:,,,,,,,0,,,,無,無,,1130,133.89,-,,0,0,,無,,,
買賣,中山區,房地(土地+建物),中山北路二段59巷1-5號(雙號),1.55,,1100305,土地:4建物:1車位:,五層,006,華廈(10層含以下有電梯),商業用,鋼筋混凝土造,0670321,7.11,1,1,1,有,無,,450,63.29,否,,0,0,,有,,,
買賣,內湖區,房地(土地+建物),內湖路三段326巷3弄11-15號(雙號),9.29,,1100301,土地:6建物:1車位:,五層,005,公寓(5樓含以下無電梯),住家用,鋼筋混凝土造,0700525,32.08,3,2,3,有,無,,1268,39.53,否,,0,0,建築物含有：陽台外推、頂樓加蓋、其他增建。頂樓加蓋鐵棚,無,,,
買賣,內湖區,房地(土地+建物)+車位,成功路四段191-195號(雙號),9.71,,1100311,土地:1建物:1車位:1,十五層,015,大樓(11層含以上有電梯),見其他登記事項,鋼筋混凝土造,1050616,67.1,0,0,1,有,有,,4346,80.28,否,坡道平面1,15.88,234.31,與政府有關之交易：政府機關標讓售。,有,,,
買賣,中山區,房地(土地+建物),龍江路384巷1-5號(單號),7.98,,1100208,土地:1建物:1車位:,三層,005,公寓(5樓含以下無電梯),住家用,鋼筋混凝土造,0710918,30.51,3,2,2,有,無,,1690,55.39,否,,0,0,,無,,,
買賣,內湖區,房地(土地+建物)+車位,文德路210巷30弄81-85號(單號),4.76,,1070130,土地:1建物:1車位:1,六層,025,大樓(11層含以上有電梯),見其他登記事項,見其他登記事項,1091224,39.07,2,2,1,有,無,,2570,74.19,否,坡道平面1,8,265,,有,,,
買賣,內湖區,房地(土地+建物)+車位,成功路四段30巷6-10號(雙號),5.54,,1100116,土地:1建物:1車位:1,九層,012,大樓(11層含以上有電梯),商業用,鋼筋混凝土造,0921124,48.89,3,2,2,有,有,,3158,64.59,是,坡道機械1,0,180,建築物含有：陽台外推。,有,,,
買賣,信義區,房地(土地+建物),信義路四段395巷6弄6-10號(雙號),1.43,,1020911,土地:3建物:1車位:,十層,011,大樓(11層含以上有電梯),見其他登記事項,鋼筋混凝土造,0931230,9.75,2,1,1,有,有,無,1380,141.54,否,,0,0,,,,,
買賣,中山區,房地(土地+建物),松江路184巷26弄6-10號(雙號),2.69,,1100131,土地:2建物:1車位:,九層,009,華廈(10層含以下有電梯),住家用,鋼筋混凝土造,0971202,15.65,2,1,1,有,有,,1320,84.35,否,,0,0,,有,,,
買賣,中山區,房地(土地+建物),新生北路二段137巷26-30號(雙號),14.97,,1100129,土地:1建物:1車位:,"一層,騎樓",002,公寓(5樓含以下無電梯),,加強磚造,,23.63,0,1,1,有,無,,2850,120.61,否,,0,0,特殊交易情況、條件：具重建或重劃、都更等效益。,無,,,
買賣,中山區,車位,植福路286巷26-30號(雙號),0.38,,1100319,土地:1建物:1車位:1,"地下一層,地下二層,地下三層,地下四層",042,,見其他登記事項,見其他登記事項,1031229,11.46,,,,有,有,,340,0,-,坡道平面1,11.46,340,僅車位交易。,有,,,
買賣,中山區,房地(土地+建物),中山北路一段81-85號(雙號),18.52,,1100222,土地:7建物:1車位:,七層,011,大樓(11層含以上有電梯),商業用,鋼筋混凝土造,0601108,138.79,,,,無,有,,9218,66.42,否,,0,0,,有,,,
買賣,中山區,房地(土地+建物),雙城街18巷6-10號(單號),3.51,,1100315,土地:1建物:1車位:,二層,005,公寓(5樓含以下無電梯),住家用,鋼筋混凝土造,0621108,14.74,4,2,2,有,無,,900,61.06,否,,0,0,關係人間交易：親友、員工、共有人或其他特殊關係間之交易。,無,,,
買賣,中山區,房地(土地+建物),松江路85巷6-10號(單號),7.9,,1100311,土地:2建物:1車位:,六層,007,華廈(10層含以下有電梯),住家用,鋼筋混凝土造,0650623,40.48,4,2,2,有,有,,4268,105.43,否,,0,0,建築物含有：陽台外推。,有,,,
買賣,內湖區,房地(土地+建物),康寧路一段48巷6-10號(雙號),9.03,,1100124,土地:1建物:1車位:,五層,005,公寓(5樓含以下無電梯),住家用,鋼筋混凝土造,0690125,27.63,3,2,2,有,無,,1120,40.54,否,,0,0,建築物含有：陽台外推、其他增建。,無,,,
租賃,中山區,建物,中山北路二段166-170號(雙號),0,,1100301,土地:建物:1車位:,六層,014,住宅大樓(11層含以上有電梯),住家用,鋼骨鋼筋混凝土造,0951129,20.51,2,1,1,有,有,有,4,1734.23,否,,0,0,租賃範圍不含車位，且無法區分車位面積。續租。含管理費、稅金或水電等費用。,,,,
租賃,松山區,建物,光復北路26-30號(雙號),0,,1100225,土地:建物:1車位:,三層,004,公寓(5樓含以下無電梯),住家用,鋼筋混凝土造,,31.57,3,1,2,有,無,有,4,1140.32,否,,0,0,租賃期間含免租金裝潢期。,,,,
租賃,南港區,建物,忠孝東路六段481-485號(單號),0,,1100227,土地:建物:車位:,二層,004,公寓(5樓含以下無電梯),工業用,鋼筋混凝土造,,3.83,1,0,0,有,無,有,1,1514.36,否,,0,0,此為雅房，面積為12.67平方公尺,,,,
買賣,中山區,房地(土地+建物),遼寧街62巷16-20號(雙號),8.62,,1091024,土地:1建物:2車位:,三層,007,華廈(10層含以下有電梯),住家用,鋼筋混凝土造,0980123,34.36,3,2,2,有,有,,2480,72.18,否,,0,0,,有,,,
租賃,信義區,建物,基隆路一段126-130號(單號),0,,1100224,土地:建物:1車位:,八層,012,住宅大樓(11層含以上有電梯),商業用,鋼筋混凝土造,0700325,41.13,3,2,2,有,有,無,4,850.96,否,,0,0,,,,,
租賃,士林區,車位,德行西路36-40號(雙號),0.01,,1100228,土地:建物:車位:1,,,,見其他登記事項,鋼筋混凝土造,0970502,13.01,,,,有,有,有,0,0,-,坡道平面1,3.94,4500,,,,,
租賃,松山區,建物,八德路四段441-445號(單號),0,,1100228,土地:建物:1車位:,十一層,014,套房(1房(1廳)1衛),住家用,鋼筋混凝土造,0970205,10.59,1,1,1,有,有,有,2,2077.43,否,,0,0,,,,,
租賃,信義區,建物,基隆路二段146-150號(單號),0,,1100225,土地:建物:2車位:,十二層,012,辦公商業大樓,見使用執照,鋼筋混凝土造,0800403,112.11,4,0,1,有,有,無,16,1464.28,否,,0,0,,,,,
租賃,信義區,建物,福德街121-125號(單號),0,,1100228,土地:建物:1車位:,三層,004,公寓(5樓含以下無電梯),住家用,鋼筋混凝土造,0630917,22.76,2,2,1,有,無,有,2,738.14,否,,0,0,,,,,
租賃,內湖區,建物,內湖路一段91巷146-150號(雙號),0,,1100301,土地:建物:1車位:,四層,007,華廈(10層含以下有電梯),住家用,鋼筋混凝土造,0820921,33.11,3,2,2,有,有,有,3,845.67,否,,0,0,,,,,
租賃,松山區,建物,八德路二段396-400號(雙號),0,,1100224,土地:建物:1車位:,十層,011,辦公商業大樓,商業用,鋼筋混凝土造,0821129,82.4,5,0,0,有,有,無,14,1674.76,否,,0,0,,,,,
租賃,士林區,建物,中山北路六段195巷6-10號(雙號),0,,1100225,土地:建物:1車位:1,十二層,014,住宅大樓(11層含以上有電梯),共有部分,鋼筋混凝土造,0970506,43.24,3,2,2,有,有,有,7,1618.87,是,坡道平面1,0,0,續租。含管理費、稅金或水電等費用。,,,,
租賃,中山區,建物,中山北路二段183巷1-5號(雙號),0,,1100225,土地:建物:1車位:,三層,003,公寓(5樓含以下無電梯),,加強磚造,,26.4,1,1,1,有,無,無,3,1136.36,否,,0,0,,,,,
租賃,中山區,建物,中山北路二段96-100號(雙號),0,,1100226,土地:建物:1車位:,七層,014,辦公商業大樓,住商用,鋼筋混凝土造,0560906,42.34,,,,無,有,無,9,2099.91,否,,0,0,,,,,
租賃,內湖區,建物,成功路四段151-155號(單號),0,,1100226,土地:建物:1車位:,五層,007,華廈(10層含以下有電梯),住家用,鋼筋混凝土造,0780214,59.4,4,2,2,有,有,無,5,757.58,是,,0,0,,,,,
租賃,中正區,建物,杭州南路二段51-55號(雙號),0,,1100222,土地:建物:1車位:,地下層,007,華廈(10層含以下有電梯),共有部分,鋼筋混凝土造,0800702,9.22,,,,無,無,無,2,1735.36,否,,0,0,租賃地下層,,,,
租賃,中山區,建物,市民大道三段31-35號(單號),0,,1100227,土地:建物:1車位:,二層,005,公寓(5樓含以下無電梯),住家用,鋼筋混凝土造,0690916,31.57,3,2,1,有,無,有,3,855.24,否,,0,0,,,,,
租賃,中正區,建物,濟南路二段21-25號(單號),0,,1100226,土地:建物:1車位:1,五層,006,華廈(10層含以下有電梯),住家用,鋼筋混凝土造,0840414,48.03,3,2,2,有,無,有,5,1041.02,是,升降機械1,0,0,,,,,
租賃,大同區,建物,市民大道一段206-210號(單號),0,,1100224,土地:建物:1車位:,十二層,018,住宅大樓(11層含以上有電梯),住家用,見其他登記事項,0980724,24.32,1,1,1,有,有,有,4,1750.29,否,,0,0,含管理費、稅金或水電等費用。續租。,,,,
租賃,士林區,房地(土地+建物),雨聲街61-65號(單號),7.86,,1100221,土地:1建物:1車位:,二層,007,華廈(10層含以下有電梯),住家用,鋼筋混凝土造,0751204,37.5,3,2,2,有,無,有,3,880,否,,0,0,,,,,
租賃,大同區,建物,萬全街1-5號(單號),0,,1100228,土地:建物:1車位:,六層,015,住宅大樓(11層含以上有電梯),住家用,鋼筋混凝土造,1041016,25.56,2,2,1,有,有,有,6,2347.42,否,,0,0,續租。含管理費、稅金或水電等費用。,,,,
租賃,萬華區,建物,和平西路三段61-65號(單號),0,,1100218,土地:建物:1車位:,一層,004,店面(店鋪),商業用,加強磚造,0590604,12.87,2,1,1,有,無,無,2,1864.8,否,,0,0,,,,,
租賃,中山區,建物,中山北路一段83巷31-35號(雙號),0,,1100225,土地:建物:1車位:,九層,015,住宅大樓(11層含以上有電梯),住家用,鋼筋混凝土造,0970314,24.39,2,1,1,有,有,有,4,1722.02,否,,0,0,續租。含管理費、稅金或水電等費用。,,,,
租賃,士林區,建物,忠誠路一段136-140號(雙號),0,,1100301,土地:建物:1車位:,二層,009,華廈(10層含以下有電梯),住家用,鋼筋混凝土造,0911231,35.08,3,2,2,有,有,有,6,1738.88,否,,0,0,含管理費、稅金或水電等費用。續租。,,,,
買賣,北投區,房地(土地+建物)+車位,中央南路二段26-30號(雙號),4.22,,1100131,土地:1建物:1車位:1,"一層,二層,三層,四層,五層,六層,七層,八層,九層,十層,十一層,十二層,十三層,屋頂突出物,地下一層,地下二層,地下三層",,大樓(11層含以上有電梯),見其他登記事項,,,35.61,2,2,1,有,有,,1368,38.42,是,坡道平面1,10.11,0,建築物含有：陽台外推、其他增建。,有,,,
買賣,中正區,房地(土地+建物)+車位,汀州路三段41-45號(單號),4.45,,1100226,土地:3建物:2車位:1,十層,,大樓(11層含以上有電梯),住家用,,,30.41,2,2,2,有,有,,2320,76.29,是,坡道機械1,0,0,關係人間交易：親友、員工、共有人或其他特殊關係間之交易。,有,,,
買賣,信義區,土地,信義段二小段31-35地號,8.35,,1100316,土地:1建物:0車位:,,,,,,,0,,,,無,無,,150,17.96,-,,0,0,特殊交易標的類型：(包含)公共設施保留地(用地)。與政府有關之交易：協議價購。110年度臺北市政府以容積代金基金採購私有公共設施保留地之交易,無,,,
買賣,北投區,房地(土地+建物),中央北路三段231-235號(雙號),6.43,,1100305,土地:2建物:1車位:,五層,,公寓(5樓含以下無電梯),住家用,,,21.63,3,1,1,有,無,,598,27.65,否,,0,0,建築物含有：陽台外推。,無,,,
買賣,大同區,房地(土地+建物)+車位,承德路二段66-70號(單號),4.81,,1100223,土地:2建物:1車位:1,八層,,大樓(11層含以上有電梯),住家用,,,61.37,3,2,2,有,有,,5050,96.77,否,坡道平面1,12.8,350,,有,,,
買賣,文山區,房地(土地+建物)+車位,福興路95巷31-35號(單號),9.17,,1100222,土地:1建物:1車位:1,二層,,華廈(10層含以下有電梯),住家用,,,36.71,3,2,2,有,有,,1566,42.66,是,坡道平面1,10.04,0,建築物含有：其他增建。,有,,,
預售屋,北投區,房地(土地+建物)+車位,文林段四小段176-180地號,8.22,,1091108,土地:13建物:1車位:1,十層,014,住宅大樓(11層含以上有電梯),住家用,鋼筋混凝土造,,56.59,3,2,2,有,,,4150,85.74,否,坡道平面1,11.22,260,,,27.63,2.57,26.38
買賣,文山區,土地,木柵段一小段881-885地號,0.02,,1100312,土地:1建物:0車位:,,,,,,,0,,,,無,無,,0,0,-,,0,0,特殊交易標的類型：(包含)公共設施保留地(用地)。,無,,,
買賣,南港區,房地(土地+建物)+車位,松河街756-760號(雙號),10.25,,1100303,土地:1建物:1車位:1,十一層,,大樓(11層含以上有電梯),見其他登記事項,,,45.08,2,2,2,有,有,,2610,57.9,是,坡道平面1,14.43,0,,有,,,
買賣,文山區,土地,萬慶段一小段96-100地號,4.99,,1100309,土地:1建物:0車位:,,,,,,,0,,,,無,無,,749,150.1,-,,0,0,,無,,,
買賣,大安區,房地(土地+建物)+車位,信義路三段147巷17弄16-20號(單號),8.65,,1070408,土地:2建物:1車位:2,"一層,二層,三層,四層,五層,六層,七層,屋頂突出物,騎樓,地下一層,地下二層",,華廈(10層含以下有電梯),住家用,,,67.36,2,1,2,有,有,,7292,140.44,否,塔式車位2,18.57,440,預售屋、或土地及建物分次登記案件。,有,,,
買賣,北投區,房地(土地+建物),立農街一段31-35號(單號),11.67,,1100315,土地:1建物:1車位:,三層,,公寓(5樓含以下無電梯),住家用,,,41.89,3,2,2,有,無,,1900,45.36,否,,0,0,建築物含有：陽台外推、其他增建。,無,,,
買賣,南港區,房地(土地+建物)+車位,南港路二段136-140號(雙號),11.23,,1091231,土地:1建物:1車位:1,四層,,大樓(11層含以上有電梯),住家用,,,57.81,3,2,2,有,有,,2500,43.25,是,坡道平面1,0,0,關係人間交易：親友、員工、共有人或其他特殊關係間之交易。二等親親屬間買賣,有,,,
預售屋,北投區,房地(土地+建物)+車位,文林段四小段176-180地號,8.22,,1091211,土地:13建物:1車位:1,十四層,014,住宅大樓(11層含以上有電梯),住家用,鋼筋混凝土造,,56.59,3,2,2,有,,,4450,91.03,否,坡道平面1,11.22,320,,,27.63,2.57,26.38
買賣,大安區,房地(土地+建物),忠孝東路四段301-305號(單號),3.34,,1100207,土地:3建物:1車位:,四層,,大樓(11層含以上有電梯),商業用,,,43.08,3,2,0,有,有,,3800,88.21,否,,0,0,,有,,,
買賣,信義區,房地(土地+建物),吳興街524巷51-55號(單號),9.56,,1100301,土地:1建物:1車位:,一層,,公寓(5樓含以下無電梯),住家用,,,38.65,4,2,2,有,無,,1888,48.85,否,,0,0,建築物含有：其他增建。,無,,,
買賣,信義區,房地(土地+建物)+車位,信義路五段121-125號(單號),2.57,,1100209,土地:1建物:1車位:2,十四層,,大樓(11層含以上有電梯),住家用,,,26.14,1,1,1,有,有,,1630,62.36,是,其他2,3.93,0,,有,,,
買賣,大安區,房地(土地+建物),龍泉街91-95號(雙號),7.68,,1100322,土地:1建物:1車位:,三層,,華廈(10層含以下有電梯),住家用,,,45.79,3,2,2,有,無,,3850,84.08,否,,0,0,建築物含有：陽台外推。花台外推,有,,,
買賣,士林區,房地(土地+建物),士東路221-225號(雙號),10.95,,1100120,土地:1建物:1車位:,三層,,公寓(5樓含以下無電梯),住家用,,,38.28,4,2,2,有,無,,2060,53.81,否,,0,0,,無,,,
買賣,萬華區,房地(土地+建物)+車位,中華路二段416巷56-60號(雙號),14.37,,1100129,土地:1建物:1車位:1,四層,,大樓(11層含以上有電梯),住家用,,,55.53,3,2,2,有,有,,3150,56.73,是,坡道平面1,0,0,,有,,,
買賣,南港區,房地(土地+建物),舊莊街一段196-200號(雙號),5.23,,1100228,土地:1建物:1車位:,七層,,大樓(11層含以上有電梯),住家用,,,32.13,3,2,2,有,無,,1350,42.02,否,,0,0,建築物含有：陽台外推、其他增建。,有,,,
買賣,文山區,房地(土地+建物),辛亥路七段69巷11-15號(單號),10.8,,1100105,土地:1建物:1車位:,一層,,公寓(5樓含以下無電梯),住家用,,,37.25,3,1,2,有,無,,1838,49.34,否,,0,0,建築物含有：其他增建。,無,,,
預售屋,北投區,房地(土地+建物)+車位,文林段四小段176-180地號,8.22,,1091105,土地:13建物:1車位:1,六層,014,住宅大樓(11層含以上有電梯),住家用,鋼筋混凝土造,,56.59,3,2,2,有,,,3790,77.14,否,坡道平面1,11.22,290,,,27.63,2.57,26.38
買賣,士林區,房地(土地+建物),重慶北路四段226-230號(雙號),8.85,,1100221,土地:1建物:1車位:,二層,,大樓(11層含以上有電梯),住家用,,,59.69,8,0,3,有,有,,2292,38.4,否,,0,0,,有,,,
買賣,文山區,房地(土地+建物)+車位,忠順街二段71-75號(單號),16.43,,1100227,土地:1建物:1車位:1,"四層,五層",,公寓(5樓含以下無電梯),住家用,,,63.78,4,2,3,有,無,,2280,35.75,是,坡道平面1,0,0,建築物含有：頂樓加蓋。,無,,,
買賣,南港區,土地,中南段四小段241-245地號,3.38,,1100226,土地:2建物:0車位:,,,,,,,0,,,,無,無,,250,73.96,-,,0,0,土地上有：未登記建物。,無,,,
買賣,中正區,房地(土地+建物),晉江街91-95號(雙號),7.89,,1100209,土地:1建物:1車位:,三層,,公寓(5樓含以下無電梯),住家用,,,30.91,4,2,2,有,無,,1868,60.43,否,,0,0,建築物含有：陽臺外推。,無,,,
買賣,南港區,房地(土地+建物),成福路186-190號(雙號),8.03,,1100102,土地:5建物:1車位:,"一層,騎樓",,公寓(5樓含以下無電梯),商業用,,,35.88,1,1,1,有,無,,2565,71.49,否,,0,0,建築物含有：其他增建。壹樓空地增建。,無,,,
買賣,士林區,房地(土地+建物)+車位,中山北路五段686-690號(單號),4.2,,1100228,土地:3建物:1車位:1,五層,,大樓(11層含以上有電梯),商業用,,,44.44,3,2,2,有,有,,2650,59.63,是,坡道平面1,0,0,,有,,,
買賣,士林區,房地(土地+建物),德行東路109巷63弄6-10號(單號),10,,1100225,土地:2建物:1車位:,一層,,公寓(5樓含以下無電梯),見使用執照,,,33.35,3,2,2,有,無,,2350,70.46,否,,0,0,建築物含有：其他增建。,無,,,
買賣,大安區,房地(土地+建物),光復南路76-80號(雙號),9.01,,1090821,土地:1建物:1車位:,八層,,大樓(11層含以上有電梯),住家用,,,60.55,3,2,2,有,有,,6903,114,否,,0,0,建築物含有：陽台外推。,有,,,
買賣,中正區,房地(土地+建物),忠孝西路一段46-50號(雙號),0.77,,1100228,土地:1建物:1車位:,十五層,,大樓(11層含以上有電梯),住家用,,,14.51,1,1,1,有,有,,1160,79.94,否,,0,0,建築物含有：陽台外推。,有,,,
買賣,士林區,房地(土地+建物),中山北路七段43巷1-5號(單號),7.67,,1100301,土地:2建物:1車位:,五層,,公寓(5樓含以下無電梯),住家用,,,29.65,3,2,2,有,無,,1330,44.86,否,,0,0,建築物含有：陽台外推。,無,,,
買賣,大安區,房地(土地+建物),和平東路二段311巷43弄16-20號(單號),7.54,,1100118,土地:1建物:1車位:,二層,,大樓(11層含以上有電梯),住家用,,,38.41,3,2,2,有,有,,2668,69.46,否,,0,0,建築物含有：其他增建。,有,,,
買賣,松山區,房地(土地+建物),八德路三段161-165號(單號),3.89,,1100320,土地:1建物:1車位:,九層,,大樓(11層含以上有電梯),見其他登記事項,,,43.28,3,2,2,有,有,,5585,129.04,否,,0,0,,有,,,
買賣,大同區,房地(土地+建物),西寧北路111-115號(雙號),1.64,,1100118,土地:1建物:1車位:,七層,,華廈(10層含以下有電梯),,,,12.72,0,1,0,有,有,,558,43.87,否,,0,0,,有,,,
買賣,松山區,房地(土地+建物),三民路136-140號(單號),13.5,,1100206,土地:1建物:1車位:,"四層,陽臺",,公寓(5樓含以下無電梯),住家用,,,31.53,3,2,1,有,有,,2420,76.75,否,,0,0,建築物含有：頂樓加蓋。,無,,,
買賣,文山區,土地,政大段三小段156-160地號,48.25,,1100220,土地:3建物:0車位:,,,,,,,0,,,,無,無,,6755,140,-,,0,0,,無,,,
買賣,內湖區,房地(土地+建物)+車位,文德路271-275號(單號),4.95,,1100227,土地:1建物:2車位:1,十層,010,華廈(10層含以下有電梯),住家用,鋼筋混凝土造,0950417,25.91,2,2,1,有,有,,1720,66.38,是,坡道機械1,0,0,建築物含有：陽台外推、夾層、其他增建。,有,,,
買賣,內湖區,房地(土地+建物),內湖路一段731-735號(單號),6.72,,1100209,土地:1建物:1車位:,五層,005,公寓(5樓含以下無電梯),住家用,鋼筋混凝土造,0690415,30.77,2,1,1,有,無,,1400,45.5,否,,0,0,,無,,,
買賣,中山區,房地(土地+建物),中山北路一段83巷16-20號(雙號),5.54,,1100224,土地:2建物:1車位:,三層,005,華廈(10層含以下有電梯),住家用,鋼筋混凝土造,0830701,29.14,1,1,1,有,有,,1420,48.73,否,,0,0,建築物含有：陽台外推、其他增建。,有,,,
買賣,內湖區,房地(土地+建物)+車位,星雲街168巷31-35號(單號),3.78,,1100311,土地:1建物:1車位:1,十八層,021,大樓(11層含以上有電梯),住家用,鋼筋混凝土造,0860124,28.12,1,1,1,有,有,,1300,46.23,是,坡道平面1,8.57,0,建築物含有：夾層、其他增建。,有,,,
買賣,內湖區,房地(土地+建物)+車位,港墘路11-15號(單號),11.15,,1100227,土地:1建物:1車位:1,六層,013,大樓(11層含以上有電梯),住家用,鋼筋混凝土造,0890609,52.34,3,2,2,有,有,,3590,68.59,是,坡道平面1,0,0,建築物含有：陽台外推。,有,,,
買賣,內湖區,房地(土地+建物),文德路22巷71-75號(單號),10.71,,1100220,土地:2建物:1車位:,二層,007,華廈(10層含以下有電梯),住家用,鋼筋混凝土造,0730207,30.4,3,2,1,有,有,,1688,55.53,否,,0,0,建築物含有：其他增建。,有,,,
買賣,內湖區,房地(土地+建物)+車位,康樂街136巷30弄11-15號(單號),7.65,,1100221,土地:2建物:1車位:1,十層,015,大樓(11層含以上有電梯),見其他登記事項,鋼筋混凝土造,1090424,49.96,3,2,2,有,有,,2650,58.22,否,坡道平面1,8.74,250,,有,,,
買賣,內湖區,房地(土地+建物),成功路三段91-95號(單號),7.18,,1100324,土地:1建物:1車位:,二層,007,華廈(10層含以下有電梯),住家用,鋼筋混凝土造,0720610,39.37,2,2,1,有,有,,2050,52.07,否,,0,0,,有,,,
買賣,內湖區,房地(土地+建物)+車位,康寧路三段189巷21弄21-25號(單號),3.67,,1100226,土地:1建物:1車位:1,十一層,014,大樓(11層含以上有電梯),住家用,鋼筋混凝土造,1020506,38.94,2,2,1,有,有,,2240,73.95,否,坡道平面1,12.03,250,,有,,,
買賣,內湖區,房地(土地+建物),內湖路二段261-265號(單號),3.08,,1100223,土地:1建物:1車位:,六層,013,大樓(11層含以上有電梯),住家用,鋼筋混凝土造,1050601,30.82,2,2,1,有,有,,2556,82.93,否,,0,0,,有,,,
買賣,內湖區,房地(土地+建物),康寧路三段56巷132弄26-30號(單號),11.99,,1100301,土地:1建物:1車位:,"三層,四層,五層",005,公寓(5樓含以下無電梯),住家用,鋼筋混凝土造,0770922,42.94,6,1,3,有,無,,1850,43.08,否,,0,0,建築物含有：頂樓加蓋。,無,,,
買賣,內湖區,車位,金湖路121-125號(單號),1.16,,1100305,土地:1建物:1車位:2,"地下三層,地下四層,地下五層,地下六層",026,,見其他登記事項,見其他登記事項,1011121,20.92,,,,有,有,,400,0,-,坡道平面2,20.93,400,僅車位交易。,有,,,
買賣,中山區,房地(土地+建物),林森北路481-485號(單號),1.58,,1100202,土地:1建物:1車位:,十四層,014,大樓(11層含以上有電梯),住家用,鋼筋混凝土造,0920122,14.84,2,2,1,有,有,,1040,70.08,否,,0,0,,有,,,
買賣,內湖區,車位,瑞光路26巷20弄26-30號(雙號),0.19,,1100203,土地:1建物:1車位:3,"一層,二層,三層,四層,五層,六層,七層,屋頂突出物,地下一層,地下二層,地下三層,地下四層",007,,見其他登記事項,鋼筋混凝土造,1051209,32.98,,,,有,有,,450,0,-,坡道平面3,32.99,450,僅車位交易。,有,,,
買賣,中山區,房地(土地+建物),復興北路66-70號(雙號),3.35,,1100308,土地:1建物:1車位:,十一層,012,大樓(11層含以上有電梯),住家用,鋼筋混凝土造,0680425,34.2,2,2,2,有,有,,2405,70.32,否,,0,0,建築物含有：陽台外推。,有,,,
租賃,南港區,建物,成福路211-215號(雙號),0,,1100225,土地:建物:1車位:,一層,005,店面(店鋪),商業用,鋼筋混凝土造,0740417,41.83,0,1,1,有,無,無,6,1314.85,否,,0,0,含增建或未登記建物。,,,,
租賃,中山區,建物,民生東路三段26-30號(單號),0,,1100301,土地:建物:1車位:,六層,012,住宅大樓(11層含以上有電梯),住家用,鋼筋混凝土造,0690920,41.28,,,,無,無,無,5,1090.12,否,,0,0,,,,,
買賣,內湖區,房地(土地+建物)+車位,行善路446-450號(雙號),45.94,,1081028,土地:1建物:1車位:6,五層,009,華廈(10層含以下有電梯),見其他登記事項,鋼筋混凝土造,1090211,272.37,,,,無,無,,11381,41.79,是,坡道平面6,0,1080,特殊交易情況、條件：毛胚屋。,有,,,
租賃,南港區,建物,研究院路三段68巷1-5號(雙號),0,,1100223,土地:0建物:1車位:,一層,004,公寓(5樓含以下無電梯),住家用,鋼筋混凝土造,0670801,28.21,1,2,1,有,無,有,3,921.66,否,,0,0,,,,,
買賣,內湖區,房地(土地+建物),民權東路六段180巷156-160號(雙號),5.39,,1100221,土地:1建物:1車位:,二層,011,大樓(11層含以上有電梯),住家用,鋼筋混凝土造,1000221,29.46,2,1,1,有,有,,2120,71.96,否,,0,0,,有,,,
租賃,文山區,建物,汀州路四段266-270號(單號),0,,1100226,土地:建物:1車位:1,五層,014,住宅大樓(11層含以上有電梯),住家用,鋼筋混凝土造,0991104,54.35,3,2,2,有,有,無,4,791.17,是,坡道平面1,0,0,,,,,
租賃,中山區,建物,中山北路二段115巷21-25號(雙號),0,,1100226,土地:建物:1車位:,十二層,017,住宅大樓(11層含以上有電梯),商業用,鋼筋混凝土造,0791019,26.67,2,2,1,有,無,有,3,1049.87,否,,0,0,,,,,
租賃,內湖區,建物,民權東路六段180巷42弄11-15號(單號),0,,1100227,土地:建物:1車位:,三層,015,住宅大樓(11層含以上有電梯),住家用,鋼筋混凝土造,1070718,37.73,3,2,2,有,無,有,5,1192.68,否,,0,0,,,,,
租賃,大安區,建物,光復南路240巷26-30號(雙號),0,,1100301,土地:建物:1車位:,五層,006,華廈(10層含以下有電梯),住家用,鋼筋混凝土造,,41.49,3,2,2,有,無,有,5,1277.42,否,,0,0,,,,,
租賃,中正區,建物,北平東路21-25號(雙號),0,,1100226,土地:建物:1車位:,五層,008,華廈(10層含以下有電梯),商業用,鋼筋混凝土造,0661111,18.26,2,1,1,有,有,有,3,1380.07,否,,0,0,,,,,
租賃,大同區,建物,民權西路106-110號(雙號),0,,1100226,土地:建物:1車位:,二層,014,辦公商業大樓,見其他登記事項,鋼筋混凝土造,1000330,69.96,4,0,1,有,有,無,8,1073.38,否,,0,0,,,,,
租賃,士林區,建物,德行東路190巷30弄16-20號(雙號),0,,1100228,土地:建物:1車位:,九層,012,住宅大樓(11層含以上有電梯),住家用,鋼筋混凝土造,0790216,38.12,3,2,2,有,無,有,6,1479.54,否,,0,0,,,,,
租賃,大安區,建物,信義路三段101-105號(單號),0,,1100228,土地:建物:1車位:,五層,014,住宅大樓(11層含以上有電梯),住家用,鋼筋混凝土造,0960322,15.14,,,,無,無,有,3,1717.31,否,,0,0,,,,,
租賃,大同區,建物,市民大道一段201-205號(單號),0,,1100228,土地:建物:1車位:,十六層,018,住宅大樓(11層含以上有電梯),住家用,見其他登記事項,0980724,25.11,2,1,1,有,有,有,6,2389.49,否,,0,0,續租。含管理費、稅金或水電等費用。,,,,
租賃,大同區,建物,敦煌路80巷1-5號(雙號),0,,1100301,土地:建物:1車位:,十二層,015,住宅大樓(11層含以上有電梯),住家用,鋼筋混凝土造,0970516,46.06,4,2,2,有,有,有,6,1302.65,否,,0,0,續租。含管理費、稅金或水電等費用。,,,,
租賃,大同區,建物,市民大道一段201-205號(單號),0,,1100301,土地:建物:1車位:,十一層,018,住宅大樓(11層含以上有電梯),住家用,見其他登記事項,0980724,26.19,2,2,1,有,有,有,5,1794.58,否,,0,0,續租。含管理費、稅金或水電等費用。,,,,
租賃,大同區,建物,民權西路176-180號(單號),0,,1100225,土地:建物:1車位:,十二層,013,住宅大樓(11層含以上有電梯),住家用,鋼筋混凝土造,1031029,29.3,3,2,1,有,有,有,5,1808.87,否,,0,0,,,,,
租賃,士林區,建物,建業路31-35號(雙號),0,,1100228,土地:建物:1車位:,二層,004,華廈(10層含以下有電梯),住家用,鋼筋混凝土造,1060405,8.36,1,0,1,有,有,有,1,1555.02,否,,0,0,台北市都發局社會住宅包租代管第2期計畫,,,,
租賃,大安區,建物,忠孝東路四段11-15號(單號),8.24,,1100301,土地:建物:1車位:,五層,012,住宅大樓(11層含以上有電梯),商業用,鋼筋混凝土造,0780302,64.86,4,2,1,有,有,有,14,2105.06,否,,0,0,,,,,
租賃,大同區,房地(土地+建物),太原路111-115號(單號),53.54,,1100227,土地:1建物:1車位:,見其他登記事項,003,公寓(5樓含以下無電梯),,加強磚造,,95.44,,,,無,無,無,10,1026.82,否,,0,0,,,,,
租賃,大同區,建物,市民大道一段206-210號(單號),0,,1100226,土地:建物:1車位:,十層,018,住宅大樓(11層含以上有電梯),住家用,見其他登記事項,0980724,27.57,2,1,1,有,有,有,5,1813.57,否,,0,0,租賃範圍不含車位，且無法區分車位面積。含管理費、稅金或水電等費用。,,,,
租賃,大同區,建物,市民大道一段211-215號(單號),0,,1100226,土地:建物:1車位:,十四層,018,住宅大樓(11層含以上有電梯),見其他登記事項,見其他登記事項,0980724,14.52,,,,無,有,有,2,1570.25,否,,0,0,,,,,
租賃,大安區,建物,敦化南路一段177巷46-50號(雙號),0,,1100301,土地:建物:1車位:,三層,008,華廈(10層含以下有電梯),住家用,鋼筋混凝土造,1090309,23.65,1,2,1,有,有,有,7,2875.26,否,,0,0,含管理費、稅金或水電等費用。,,,,
租賃,內湖區,建物,瑞湖街101-105號(單號),0,,1100226,土地:建物:1車位:4,五層,008,辦公商業大樓,工業用,鋼筋混凝土造,0890113,150.99,,,,無,有,無,9,625.87,是,坡道平面4,0,0,,,,,
租賃,中山區,建物,松江路63巷1-5號(單號),0,,1100226,土地:建物:1車位:,五層,009,華廈(10層含以下有電梯),住家用,鋼筋混凝土造,1070831,16.66,1,1,1,有,有,有,4,2581.03,否,,0,0,續租。含管理費、稅金或水電等費用。,,,,
租賃,中山區,建物,吉林路71-75號(單號),0,,1100226,土地:建物:1車位:,三層,014,住宅大樓(11層含以上有電梯),住家用,鋼筋混凝土造,0961231,83.92,3,2,2,有,有,有,7,798.38,否,,0,0,,,,,
租賃,中山區,建物,新生北路二段15巷1-5號(單號),0,,1100228,土地:建物:1車位:,五層,005,公寓(5樓含以下無電梯),住家用,鋼筋混凝土造,0660114,31.74,3,2,2,有,無,有,3,882.17,否,,0,0,含增建或未登記建物。,,,,
租賃,信義區,建物,和平東路三段391巷11-15號(單號),0,,1100223,土地:建物:1車位:,一層,005,店面(店鋪),住商用,鋼筋混凝土造,,25.39,,,,無,無,無,4,1378.5,否,,0,0,租賃期間含免租金裝潢期。,,,,
買賣,士林區,房地(土地+建物),天母東路22巷21-25號(單號),3.74,,1100109,土地:1建物:1車位:,七層,,華廈(10層含以下有電梯),住家用,,,32.66,4,2,2,有,有,,1768,54.13,否,,0,0,建築物含有：陽台外推、其他增建。,有,,,
買賣,信義區,房地(土地+建物),松智路31巷6-10號(雙號),0.12,,1100319,土地:2建物:1車位:,二層,,大樓(11層含以上有電梯),住家用,,,.51,3,2,2,有,有,,41,80.39,否,,0,0,關係人間交易：親友、員工、共有人或其他特殊關係間之交易。,有,,,
買賣,北投區,土地,開明段一小段426-430地號,13.85,,1100317,土地:3建物:0車位:,,,,,,,0,,,,無,無,,74,5.34,-,,0,0,特殊交易標的類型：(包含)公共設施保留地(用地)。與政府有關之交易：協議價購。,無,,,
買賣,松山區,房地(土地+建物),民生東路四段80巷1弄11-15號(單號),15.88,,1100302,土地:1建物:1車位:,四層,,公寓(5樓含以下無電梯),住家用,,,44.16,4,2,2,有,無,,3200,72.46,否,,0,0,建築物含有：頂樓加蓋。,無,,,
買賣,大同區,房地(土地+建物),延平北路二段126-130號(單號),1.51,,1100313,土地:4建物:1車位:,九層,,大樓(11層含以上有電梯),住商用,,,13.88,1,1,1,有,有,,700,50.43,否,,0,0,關係人間交易：親友、員工、共有人或其他特殊關係間之交易。,有,,,
預售屋,北投區,房地(土地+建物)+車位,文林段四小段176-180地號,10.53,,1091105,土地:13建物:1車位:1,二層,014,住宅大樓(11層含以上有電梯),住家用,鋼筋混凝土造,,69.42,4,2,3,有,,,4628,74.19,否,坡道平面1,11.22,310,,,34.63,4.12,30.67
買賣,松山區,房地(土地+建物),延吉街30巷11-15號(單號),8.97,,1100227,土地:1建物:1車位:,七層,,華廈(10層含以下有電梯),住家用,,,42.55,9,1,9,有,有,,3200,75.21,否,,0,0,,有,,,
買賣,中正區,房地(土地+建物),忠孝東路二段26-30號(雙號),6.09,,1100122,土地:2建物:1車位:,九層,,大樓(11層含以上有電梯),住家用,,,74.18,4,2,3,有,有,,8260,111.35,否,,0,0,建築物含有：陽台外推。,有,,,
買賣,南港區,房地(土地+建物),成福路121巷60弄6-10號(雙號),25.48,,1091230,土地:4建物:1車位:,"一層,二層,陽臺,平台",,透天厝,住家用,,,29.95,3,1,2,有,無,,2420,80.8,-,,0,0,關係人間交易：親友、員工、共有人或其他特殊關係間之交易。親友、員工或其他特殊關係間之交易,無,,,
買賣,信義區,房地(土地+建物),忠孝東路五段451-455號(單號),2.05,,1100305,土地:3建物:1車位:,三層,,大樓(11層含以上有電梯),見其他登記事項,,,12.17,1,1,1,有,有,,1400,115.04,否,,0,0,,有,,,
買賣,北投區,房地(土地+建物)+車位,行義路124巷6-10號(雙號),19.92,,1091205,土地:4建物:1車位:1,四層,,華廈(10層含以下有電梯),住家用,,,66.19,3,2,2,有,有,,1900,28.71,是,坡道平面1,0,0,,有,,,
預售屋,北投區,房地(土地+建物)+車位,文林段四小段176-180地號,10.58,,1091108,土地:13建物:1車位:2,九層,014,住宅大樓(11層含以上有電梯),住家用,鋼筋混凝土造,,80.64,4,2,3,有,,,5490,84.01,否,坡道平面2,22.43,600,,,34.63,4.12,41.89
買賣,大安區,房地(土地+建物)+車位,金山南路二段30巷11-15號(單號),18.6,,1091227,土地:1建物:2車位:2,四層,,大樓(11層含以上有電梯),住家用,,,100.47,3,2,2,有,有,,11000,132.66,否,坡道平面2,23.58,800,,有,,,
買賣,士林區,房地(土地+建物),德行東路186-190號(雙號),6.35,,1100219,土地:1建物:1車位:,三層,,公寓(5樓含以下無電梯),住家用,,,20.37,2,2,1,有,無,,1168,57.34,否,,0,0,,無,,,
買賣,松山區,房地(土地+建物),延壽街402巷1弄1-5號(單號),9.68,,1100221,土地:1建物:1車位:,三層,,公寓(5樓含以下無電梯),住家用,,,35.4,4,2,2,有,無,,2675,75.56,否,,0,0,建築物含有：陽台外推。,無,,,
買賣,大安區,房地(土地+建物),通化街39巷16-20號(雙號),7.87,,1100308,土地:1建物:1車位:,三層,,公寓(5樓含以下無電梯),住家用,,,46.49,4,2,4,有,無,,3150,67.76,否,,0,0,建築物含有：陽台外推。,無,,,
買賣,大安區,房地(土地+建物)+車位,金山南路二段186-190號(雙號),6.08,,1100223,土地:4建物:1車位:1,十二層,,大樓(11層含以上有電梯),住家用,,,53.21,2,2,2,有,有,,5600,134.03,否,坡道平面1,13.74,310,,有,,,
買賣,士林區,房地(土地+建物),延平北路五段221-225號(單號),3.15,,1100207,土地:2建物:1車位:,八層,,華廈(10層含以下有電梯),住家用,,,27.15,5,1,5,有,無,,1313,48.36,否,,0,0,建築物含有：陽台外推、頂樓加蓋、其他增建。,有,,,
買賣,大安區,房地(土地+建物),羅斯福路二段76-80號(單號),1.94,,1100318,土地:1建物:1車位:,十層,,大樓(11層含以上有電梯),住家用,,,22.2,0,1,1,有,有,,1718,77.39,否,,0,0,建築物含有：陽台外推。,有,,,
預售屋,北投區,房地(土地+建物)+車位,文林段四小段176-180地號,10.53,,1091111,土地:13建物:1車位:1,十三層,014,住宅大樓(11層含以上有電梯),住家用,鋼筋混凝土造,,69.42,4,2,3,有,,,5455,88.75,否,坡道平面1,11.22,290,,,34.63,4.12,30.67
買賣,士林區,房地(土地+建物),至善路二段61-65號(單號),115.11,,1100129,土地:10建物:1車位:,"一層,二層,三層",,透天厝,住家用,,,102.55,5,3,3,有,無,,5500,53.63,-,,0,0,,無,,,
買賣,松山區,車位,民生東路四段80巷6-10號(單號),1.8,,1100318,土地:2建物:1車位:1,地下層,,,見使用執照,,,11.3,,,,有,有,,265,0,-,坡道平面1,11.3,265,僅車位交易。,有,,,
買賣,北投區,土地,開明段一小段426-430地號,3.46,,1100317,土地:3建物:0車位:,,,,,,,0,,,,無,無,,19,5.49,-,,0,0,特殊交易標的類型：(包含)公共設施保留地(用地)。與政府有關之交易：協議價購。,無,,,
買賣,士林區,房地(土地+建物)+車位,承德路四段195巷11-15號(雙號),18.76,,1100221,土地:1建物:1車位:2,五層,,大樓(11層含以上有電梯),住家用,,,88.87,4,2,3,有,有,,5500,61.89,是,坡道平面2,21.91,0,,有,,,
買賣,大安區,房地(土地+建物)+車位,臥龍街216-220號(雙號),9.07,,1100202,土地:1建物:2車位:2,三層,,大樓(11層含以上有電梯),住家用,,,86.58,3,2,2,有,有,,4688,54.15,是,坡道平面2,17.58,0,建築物含有：陽台外推、其他增建。,有,,,
買賣,士林區,土地,溪洲段二小段146-150地號,100.09,,1100318,土地:1建物:0車位:,,,,,,,0,,,,無,無,,2280,22.78,-,,0,0,特殊交易標的類型：(包含)公共設施保留地(用地)。,無,,,
買賣,松山區,房地(土地+建物),民生東路五段196-200號(雙號),0.6,,1100316,土地:1建物:1車位:,十九層,,大樓(11層含以上有電梯),住家用,,,8.92,1,1,1,有,有,,550,61.66,否,,0,0,,有,,,
買賣,文山區,土地,萬芳段四小段236-240地號,4.35,,1100204,土地:1建物:0車位:,,,,,,,0,,,,無,無,,22,5.06,-,,0,0,特殊交易標的類型：(包含)公共設施保留地(用地)。,無,,,
買賣,南港區,房地(土地+建物),成福路194巷2弄6-10號(雙號),7.51,,1100130,土地:1建物:1車位:,一層,,公寓(5樓含以下無電梯),住家用,,,27.84,2,2,2,有,無,,1570,56.39,否,,0,0,建築物含有：陽台外推、其他增建。,無,,,
買賣,士林區,土地,溪洲段三小段466-470地號,12.31,,1100321,土地:4建物:0車位:,,,,,,,0,,,,無,無,,252,20.47,-,,0,0,特殊交易標的類型：(包含)公共設施保留地(用地)。,無,,,
買賣,萬華區,房地(土地+建物)+車位,西園路一段111-115號(單號),4.69,,1100226,土地:1建物:1車位:1,九層,,大樓(11層含以上有電梯),住家用,,,56.69,3,2,2,有,有,,2510,51.84,否,坡道平面1,13.19,255,,有,,,
買賣,大安區,房地(土地+建物),忠孝東路四段146-150號(雙號),1.53,,1100312,土地:1建物:1車位:,十一層,,大樓(11層含以上有電梯),住家用,,,19.43,1,1,0,有,有,,1738,89.45,否,,0,0,,有,,,
買賣,北投區,房地(土地+建物)+車位,中央北路三段40巷38弄16-20號(雙號),6.65,,1070728,土地:1建物:1車位:1,五層,,華廈(10層含以下有電梯),見其他登記事項,,,27.95,1,2,1,有,無,,1139,45.37,否,坡道平面1,6.15,150,預售屋、或土地及建物分次登記案件。管理委員會組織籌備中。,有,,,
買賣,松山區,房地(土地+建物),市民大道四段61-65號(單號),7.63,,1100305,土地:1建物:1車位:,三層,,公寓(5樓含以下無電梯),住家用,,,30.73,4,2,2,有,無,,2030,66.06,否,,0,0,,無,,,
買賣,北投區,房地(土地+建物),大度路三段301巷28弄11-15號(單號),8.32,,1100223,土地:1建物:1車位:,二層,,公寓(5樓含以下無電梯),住家用,,,27.48,3,2,2,有,無,,820,29.84,否,,0,0,建築物含有：陽台外推、其他增建。,無,,,
買賣,北投區,房地(土地+建物),溫泉路65巷16-20號(雙號),1.74,,1100305,土地:1建物:1車位:,四層,,大樓(11層含以上有電梯),住家用,,,16.86,1,1,1,有,有,,700,41.52,否,,0,0,,有,,,
買賣,南港區,房地(土地+建物)+車位,忠孝東路七段511-515號(雙號),14.29,,1100319,土地:1建物:1車位:2,"一層,二層,三層,四層,五層,六層,七層,八層,九層,十層,屋頂突出物,地下一層,地下二層,地下三層,地下四層",,華廈(10層含以下有電梯),見其他登記事項,,,81.63,,,,無,有,,3570,43.73,是,坡道平面2,0,0,,有,,,
買賣,文山區,房地(土地+建物),萬美街二段2巷6-10號(單號),19.9,,1100221,土地:1建物:1車位:,十二層,,大樓(11層含以上有電梯),見其他登記事項,,,30.65,3,2,2,有,有,,1400,45.68,否,,0,0,建築物含有：陽臺外推、其他增建。,有,,,
買賣,萬華區,房地(土地+建物),中華路二段504巷11-15號(單號),5.08,,1100302,土地:1建物:1車位:,十二層,,大樓(11層含以上有電梯),住家用,,,18.1,2,2,1,有,有,,1050,58.01,否,,0,0,建築物含有：陽台外推。,有,,,
買賣,中山區,房地(土地+建物),民生東路二段115巷31-35號(單號),7.49,,1100225,土地:1建物:1車位:,三層,005,公寓(5樓含以下無電梯),住家用,鋼筋混凝土造,0630227,25.54,3,2,2,有,無,,1250,48.94,否,,0,0,關係人間交易：親友、員工、共有人或其他特殊關係間之交易。,無,,,
買賣,中山區,房地(土地+建物),林森北路85巷86-90號(雙號),5.18,,1100310,土地:1建物:1車位:,五層,006,華廈(10層含以下有電梯),住家用,鋼筋混凝土造,0601228,22.33,2,2,2,有,有,,1140,51.05,否,,0,0,,有,,,
買賣,內湖區,房地(土地+建物),成功路二段326-330號(雙號),1.86,,1100209,土地:1建物:1車位:,十一層,014,大樓(11層含以上有電梯),住家用,鋼筋混凝土造,0981030,17.98,1,1,1,有,有,,1120,62.29,否,,0,0,建築物含有：陽台外推。,有,,,
買賣,內湖區,房地(土地+建物),五分街111-115號(單號),5.66,,1091202,土地:1建物:1車位:,七層,012,大樓(11層含以上有電梯),住家用,鋼筋混凝土造,0960709,25.53,2,2,1,有,有,,1650,64.63,否,,0,0,,有,,,
買賣,內湖區,房地(土地+建物),內湖路三段60巷52弄1-5號(雙號),8.73,,1100311,土地:3建物:1車位:,二層,005,公寓(5樓含以下無電梯),住家用,鋼筋混凝土造,0740911,27.57,4,0,4,有,無,,1100,39.9,否,,0,0,,無,,,
買賣,中山區,房地(土地+建物),新生北路二段36-40號(雙號),1.88,,1100122,土地:1建物:1車位:,十三層,017,大樓(11層含以上有電梯),住家用,鋼筋混凝土造,0850718,20.21,1,2,1,有,有,,1438,71.15,否,,0,0,建築物含有：陽台外推、其他增建。,有,,,
買賣,中山區,房地(土地+建物)+車位,林森北路351-355號(單號),5.33,,1100312,土地:1建物:1車位:1,七層,024,大樓(11層含以上有電梯),住家用,見其他登記事項,1021101,69.79,4,2,2,有,有,,5200,80.19,否,坡道平面1,8.06,250,,有,,,
買賣,內湖區,房地(土地+建物)+車位,文德路210巷30弄81-85號(單號),8.73,,1070207,土地:1建物:1車位:1,三層,025,大樓(11層含以上有電梯),見其他登記事項,見其他登記事項,1091224,68.19,3,2,2,有,無,,4640,72.69,否,坡道平面1,8,265,,有,,,
買賣,中山區,房地(土地+建物)+車位,新生北路二段68巷6-10號(雙號),3.06,,1100202,土地:1建物:1車位:1,三層,012,大樓(11層含以上有電梯),住家用,見其他登記事項,1050602,36.79,2,1,1,有,有,,2198,89.39,否,坡道平面1,13.99,160,交易總價包含下列非屬不動產價格之費用：裝潢費。,有,,,
買賣,內湖區,房地(土地+建物)+車位,康樂街201巷21-25號(單號),27.94,,1100225,土地:1建物:1車位:1,五層,007,華廈(10層含以下有電梯),住家用,鋼筋混凝土造,0791203,52.59,4,2,2,有,有,,2250,42.78,是,坡道平面1,9.6,0,,有,,,
買賣,中山區,房地(土地+建物)+車位,敬業三路162巷71-75號(雙號),14.24,,1100222,土地:1建物:1車位:1,二層,012,大樓(11層含以上有電梯),住家用,鋼筋混凝土造,0890628,47.04,3,2,2,有,有,,2843,60.44,是,坡道平面1,0,0,建築物含有：其他增建。,有,,,
買賣,中山區,房地(土地+建物),復興北路514巷1-5號(雙號),4.71,,1100307,土地:3建物:1車位:,四層,007,華廈(10層含以下有電梯),住家用,鋼筋混凝土造,0730222,29.52,3,2,2,有,有,,1750,59.28,否,,0,0,建築物含有：陽台外推。,有,,,
買賣,中山區,房地(土地+建物),龍江路377巷11-15號(單號),14.97,,1100126,土地:2建物:1車位:,四層,004,公寓(5樓含以下無電梯),住家用,鋼筋混凝土造,0630727,41.4,4,2,2,有,無,,1960,47.34,否,,0,0,,無,,,
租賃,文山區,建物,景興路86-90號(單號),0,,1100301,土地:建物:1車位:,一層,004,店面(店鋪),住家用,鋼筋混凝土造,,32.46,,,,無,無,無,5,1540.36,否,,0,0,,,,,
買賣,中山區,房地(土地+建物),建國北路三段93巷5弄16-20號(單號),3.18,,1100303,土地:2建物:1車位:,五層,005,公寓(5樓含以下無電梯),住家用,鋼筋混凝土造,0690816,12.62,3,3,2,有,無,,430,34.07,否,,0,0,,無,,,
租賃,內湖區,建物,內湖路二段103巷41-45號(雙號),0,,1100301,土地:建物:1車位:,六層,007,華廈(10層含以下有電梯),住家用,鋼筋混凝土造,0720912,37.95,3,2,2,有,有,有,3,843.21,否,,0,0,,,,,
租賃,南港區,建物,重陽路266-270號(單號),0,,1100226,土地:建物:1車位:,四層,012,辦公商業大樓,見其他登記事項,鋼筋混凝土造,1030328,106.28,,,,無,有,有,10,893.87,否,,0,0,,,,,
租賃,信義區,房地(土地+建物),基隆路二段96-100號(雙號),0,,1100226,土地:0建物:1車位:,見其他登記事項,004,店面(店鋪),商業用,鋼筋混凝土造,0620924,56.71,1,2,0,有,無,無,12,2116.03,否,,0,0,"含增建或未登記建物。民國110年3月1日至110年3月31日為免租金裝潢期,租金含稅,地下一樓不得作商業用途，只能倉庫用途，本次租賃標的有增建地下一樓使用空間，加蓋一房一通",,,,
租賃,信義區,建物,永吉路278巷28弄6-10號(雙號),0,,1100227,土地:建物:1車位:,三層,004,公寓(5樓含以下無電梯),住家用,鋼筋混凝土造,,24.65,3,1,1,有,無,有,3,1135.9,否,,0,0,住宅及都市更新中心108年社會住宅包租代管第二期計畫,,,,
租賃,中山區,建物,新生北路二段106-110號(雙號),0,,1100225,土地:建物:1車位:,五層,014,住宅大樓(11層含以上有電梯),商業用,鋼筋混凝土造,0760305,10.52,1,0,1,有,無,有,1,1026.62,否,,0,0,,,,,
買賣,內湖區,房地(土地+建物),文德路231-235號(雙號),7.45,,1100315,土地:2建物:1車位:,五層,008,華廈(10層含以下有電梯),住家用,鋼筋混凝土造,0781019,29.08,2,2,2,有,有,,880,30.26,否,,0,0,關係人間交易：親友、員工、共有人或其他特殊關係間之交易。,有,,,
租賃,文山區,建物,景仁街77巷5弄1-5號(單號),0,,1100225,土地:建物:1車位:,一層,004,公寓(5樓含以下無電梯),住家用,磚造,,26.7,3,2,2,有,無,有,3,1123.6,否,,0,0,含增建或未登記建物。,,,,
租賃,文山區,建物,福興路95巷36-40號(單號),0,,1100227,土地:建物:1車位:,四層,010,套房(1房(1廳)1衛),共有部分,鋼筋混凝土造,0890626,8.58,1,0,1,有,有,有,1,1048.95,否,,0,0,,,,,
租賃,中山區,建物,林森北路107巷66-70號(單號),0,,1100226,土地:建物:1車位:,四層,007,華廈(10層含以下有電梯),見其他登記事項,鋼筋混凝土造,1010210,23.37,2,1,1,有,有,有,5,1925.55,否,,0,0,租賃範圍不含車位，且無法區分車位面積。含管理費、稅金或水電等費用。,,,,
租賃,內湖區,建物,內湖路一段411巷74弄11-15號(單號),0,,1100225,土地:建物:1車位:1,九層,011,住宅大樓(11層含以上有電梯),住家用,鋼筋混凝土造,0990913,80.4,3,2,2,有,無,有,7,870.65,是,坡道平面1,9.57,0,,,,,
租賃,大同區,建物,南京西路18巷6-10號(雙號),0,,1100226,土地:建物:1車位:,三層,009,辦公商業大樓,見其他登記事項,鋼筋混凝土造,1001129,22.02,2,1,1,有,有,有,5,2111.72,否,,0,0,含管理費、稅金或水電等費用。續租。,,,,
租賃,中山區,建物,南京東路二段6-10號(單號),0,,1100226,土地:建物:車位:,五層,008,套房(1房(1廳)1衛),住商用,鋼筋混凝土造,0580616,10.06,1,0,1,有,無,有,1,1341.95,否,,0,0,此為分租套房，第五層共分成4間，一間平均面積約為33.27平方公尺。,,,,
租賃,士林區,建物,天母東路43巷4弄11-15號(雙號),0,,1100226,土地:建物:1車位:,二層,006,華廈(10層含以下有電梯),住家用,鋼筋混凝土造,0850605,54.54,3,2,2,有,有,有,5,971.76,否,,0,0,含管理費、稅金或水電等費用。,,,,
租賃,大安區,建物,泰順街40巷10弄1-5號(單號),0,,1100226,土地:建物:1車位:,一層,005,公寓(5樓含以下無電梯),住家用,鋼筋混凝土造,0771223,8.98,1,,,無,無,有,1,1447.66,否,,0,0,,,,,
租賃,中正區,建物,杭州南路二段51-55號(雙號),0,,1100222,土地:建物:1車位:,一層,007,華廈(10層含以下有電梯),共有部分,鋼筋混凝土造,0800702,10.15,0,0,1,有,無,無,2,1576.35,否,,0,0,,,,,
租賃,士林區,建物,建業路31-35號(雙號),0,,1100228,土地:建物:1車位:,四層,004,華廈(10層含以下有電梯),住家用,鋼筋混凝土造,1060405,8.01,1,0,1,有,有,有,1,1622.97,否,,0,0,台北市都發局社會住宅包租代管第2期計畫,,,,
租賃,士林區,建物,建業路31-35號(雙號),0,,1100228,土地:建物:1車位:,一層,004,華廈(10層含以下有電梯),住家用,鋼筋混凝土造,1060405,8,1,0,1,有,有,有,1,1625,否,,0,0,台北市都發局社會住宅包租代管第2期計畫,,,,
租賃,中正區,建物,青島東路1-5號(單號),0,,1100225,土地:建物:1車位:,四層,007,華廈(10層含以下有電梯),住家用,鋼筋混凝土造,0631108,49.84,,,,無,無,有,7,1403.97,否,,0,0,,,,,
租賃,大安區,建物,信義路二段198巷41-45號(雙號),0,,1100227,土地:建物:1車位:,六層,006,套房(1房(1廳)1衛),住家用,鋼筋混凝土造,0841003,13.38,0,1,1,有,有,有,3,2167.41,否,,0,0,租金含管理費。,,,,
租賃,士林區,建物,文林路256-260號(單號),0,,1100226,土地:建物:1車位:,見其他登記事項,003,店面(店鋪),住商用,磚造,0510306,39.44,0,3,3,有,無,有,7,1774.85,否,,0,0,"租金含管理費。
自民國110年04月21日起，至民國113年03月03日止。每月租金新台幣70,000元整，每月03日以前繳納。
自民國113年03月04日起，至民國115年03月03日止。每月租金新台幣75,000元整，每月03日以前繳納。",,,,
租賃,中山區,建物,林森北路361-365號(單號),0,,1100224,土地:建物:1車位:,八層,018,辦公商業大樓,商業用,鋼筋混凝土造,0980916,20.15,1,1,1,有,有,有,5,2481.39,否,,0,0,含管理費、稅金或水電等費用。續租。,,,,
租賃,中山區,建物,中山北路二段93巷1-5號(單號),0,,1100301,土地:建物:1車位:1,四層,009,華廈(10層含以下有電梯),商業用,鋼筋混凝土造,0860718,60.61,3,2,2,有,有,有,6,940.44,是,升降平面1,0,0,租金含管理費。車位面積無法分算。,,,,
租賃,信義區,建物,吳興街156巷1-5號(單號),0,,1100224,土地:建物:1車位:,二層,004,公寓(5樓含以下無電梯),住家用,鋼筋混凝土造,,21.76,2,1,1,有,無,有,2,873.16,否,,0,0,住宅及都市更新中心108年社會住宅包租代管第二期計畫,,,,
租賃,信義區,建物,基隆路二段21-25號(雙號),0,,1100223,土地:建物:1車位:,三層,012,辦公商業大樓,商業用,鋼筋混凝土造,0690421,30.86,3,2,2,有,有,有,3,988.33,否,,0,0,,,,,
租賃,南港區,建物,興華路64巷1-5號(單號),0,,1100227,土地:建物:1車位:1,十層,013,住宅大樓(11層含以上有電梯),共有部分,鋼筋混凝土造,0971030,43.05,3,2,2,有,無,有,5,1231.13,是,坡道平面1,0.8,0,,,,,
買賣,大同區,車位,環河北路二段286-290號(單號),0.33,,1100316,土地:2建物:1車位:1,"地下一層,地下二層",,,見其他登記事項,,,4.66,,,,有,有,,111,0,-,坡道機械1,4.66,111,僅車位交易。,有,,,
買賣,大安區,房地(土地+建物),羅斯福路三段276-280號(單號),7.73,,1100204,土地:1建物:1車位:,六層,,華廈(10層含以下有電梯),商業用,,,65.96,2,1,1,有,有,,5000,75.8,否,,0,0,,有,,,
買賣,南港區,房地(土地+建物)+車位,重陽路266-270號(單號),18.3,,1100307,土地:1建物:1車位:3,"一層,二層,三層,四層,五層,六層,七層,八層,九層,十層,十一層,十二層,屋頂突出物,地下一層,地下二層,地下三層,地下四層",,大樓(11層含以上有電梯),見其他登記事項,,,121.32,0,1,0,有,有,,6420,53.35,否,坡道平面3,15.04,750,建築物含有：陽台外推。,有,,,
買賣,信義區,車位,吳興街118巷15弄1-5號(單號),0.16,,1100312,土地:1建物:1車位:1,地下二層,,,見使用執照,,,3.67,,,,有,無,,90,0,-,升降機械1,3.67,90,僅車位交易。,有,,,
買賣,中正區,房地(土地+建物)+車位,汀州路一段236-240號(單號),5.8,,1100304,土地:1建物:1車位:1,七層,,華廈(10層含以下有電梯),見其他登記事項,,,28.72,1,1,1,有,有,,1905,66.33,是,升降機械1,3.37,0,,有,,,
買賣,萬華區,房地(土地+建物),環河南路二段161-165號(單號),4.56,,1100131,土地:1建物:1車位:,六層,,大樓(11層含以上有電梯),住家用,,,28.67,3,2,1,有,有,,1355,47.26,否,,0,0,建築物含有：陽台外推、其他增建。,有,,,
買賣,文山區,房地(土地+建物)+車位,羅斯福路六段406-410號(單號),1.65,,1100228,土地:1建物:1車位:1,五層,,大樓(11層含以上有電梯),住家用,,,23.09,2,1,1,有,有,,1250,71.2,否,坡道機械1,7.64,150,,有,,,
買賣,信義區,房地(土地+建物),吳興街600巷100弄51-55號(單號),7.56,,1100228,土地:5建物:1車位:,五層,,公寓(5樓含以下無電梯),住家用,,,27.04,5,3,2,有,無,,1260,46.6,否,,0,0,建築物含有：頂樓加蓋。,無,,,
買賣,南港區,房地(土地+建物)+車位,昆陽街176-180號(雙號),6.41,,1100226,土地:1建物:1車位:1,九層,,大樓(11層含以上有電梯),見其他登記事項,,,42.07,3,1,1,有,有,,2680,75.96,否,坡道平面1,10.08,250,,有,,,
買賣,中正區,車位,臨沂段一小段626-630地號,0.01,,1100108,土地:1建物:0車位:1,,,,,,,0,,,,有,有,,160,0,-,升降機械1,4.77,160,僅車位交易。,有,,,
買賣,大安區,房地(土地+建物),潮州街60巷10弄6-10號(雙號),8.52,,1100303,土地:3建物:1車位:,五層,,公寓(5樓含以下無電梯),,,,28.92,3,2,2,有,無,,2488,86.03,否,,0,0,建築物含有：陽台外推、其他增建。,無,,,
買賣,北投區,房地(土地+建物),光明路66-70號(雙號),0.98,,1100226,土地:1建物:1車位:,十四層,,大樓(11層含以上有電梯),住家用,,,10.94,1,1,1,有,有,,785,71.76,否,,0,0,建築物含有：其他增建。,有,,,
買賣,大同區,房地(土地+建物),重慶北路三段313巷1-5號(雙號),7.64,,1100221,土地:2建物:1車位:,一層,,公寓(5樓含以下無電梯),住家用,,,23.74,1,1,1,有,無,,1280,53.92,否,,0,0,建築物含有：其他增建。,無,,,
買賣,信義區,房地(土地+建物),忠孝東路五段790巷61弄1-5號(雙號),8.84,,1091224,土地:1建物:1車位:,五層,,公寓(5樓含以下無電梯),住家用,,,29.09,6,3,3,有,無,,1565,53.8,否,,0,0,,無,,,
買賣,文山區,房地(土地+建物)+車位,和興路44巷16-20號(雙號),16.89,,1100303,土地:1建物:1車位:1,七層,,華廈(10層含以下有電梯),住家用,,,57.24,3,2,3,有,有,,2600,45.42,是,坡道機械1,3.02,0,關係人間交易：親友、員工、共有人或其他特殊關係間之交易。,有,,,
買賣,北投區,房地(土地+建物),溫泉路58巷1-5號(單號),8.88,,1100301,土地:1建物:1車位:,四層,,公寓(5樓含以下無電梯),住家用,,,36.84,3,2,2,有,無,,1400,38,否,,0,0,建築物含有：陽台外推、其他增建。,無,,,
買賣,萬華區,車位,內江街126-130號(雙號),0.01,,1100125,土地:1建物:1車位:1,"一層,地下一層,地下二層,地下三層,地下四層,地下五層",,,見其他登記事項,,,3.19,,,,有,有,,90,0,-,塔式車位1,3.19,90,關係人間交易：親友、員工、共有人或其他特殊關係間之交易。僅車位交易。,有,,,
買賣,文山區,房地(土地+建物)+車位,興隆路二段203巷96-100號(雙號),11.45,,1100306,土地:1建物:1車位:1,十層,,大樓(11層含以上有電梯),住家用,,,47.69,4,2,2,有,有,,2100,50.94,否,坡道平面1,10.39,200,建築物含有：其他增建。,有,,,
買賣,北投區,房地(土地+建物)+車位,三合街一段117巷38弄6-10號(雙號),17.54,,1100108,土地:1建物:1車位:2,八層,,華廈(10層含以下有電梯),住家用,,,114.76,3,2,2,有,有,,6975,70.49,否,坡道平面2,22.98,505,預售屋、或土地及建物分次登記案件。,有,,,
預售屋,北投區,房地(土地+建物)+車位,文林段四小段176-180地號,10.79,,1091118,土地:13建物:1車位:1,一層,014,住宅大樓(11層含以上有電梯),住家用,鋼筋混凝土造,,71.15,4,2,3,有,,,5160,80.93,否,坡道平面1,11.22,310,,,35.06,4.84,31.25
買賣,萬華區,房地(土地+建物),萬大路493巷48弄21-25號(單號),9.9,,1100225,土地:2建物:1車位:,二層,,公寓(5樓含以下無電梯),住家用,,,32.07,3,2,2,有,無,,1500,46.77,否,,0,0,建築物含有：陽台外推。,無,,,
買賣,士林區,房地(土地+建物),承德路四段40巷1-5號(雙號),3.88,,1100224,土地:1建物:1車位:,四層,,公寓(5樓含以下無電梯),住家用,,,10.77,2,1,1,有,無,,461,42.8,否,,0,0,建築物含有：陽台外推、其他增建。,無,,,
買賣,士林區,房地(土地+建物)+車位,延平北路五段71-75號(單號),3.38,,1100129,土地:2建物:1車位:1,"一層,二層,三層,四層,五層,六層,七層,八層,九層,十層,十一層,十二層,騎樓,地下一層,地下二層,地下三層,見其他登記事項",,大樓(11層含以上有電梯),住家用,,,37.39,1,1,1,有,有,,1650,60.34,否,升降平面1,13.36,200,,有,,,
預售屋,北投區,房地(土地+建物)+車位,文林段四小段176-180地號,10.53,,1091105,土地:13建物:1車位:1,七層,014,住宅大樓(11層含以上有電梯),住家用,鋼筋混凝土造,,69.42,4,2,3,有,,,4815,78.26,否,坡道平面1,11.22,260,,,34.63,4.12,30.67
買賣,松山區,房地(土地+建物),撫遠街399巷21-25號(單號),10.06,,1100305,土地:1建物:1車位:,"陽臺,二層",,公寓(5樓含以下無電梯),住家用,,,27.15,2,2,2,有,無,,1740,64.09,否,,0,0,建築物含有：陽台外推。,無,,,
買賣,中正區,房地(土地+建物)+車位,汀州路三段31-35號(單號),5.59,,1100223,土地:1建物:1車位:1,二層,,大樓(11層含以上有電梯),見其他登記事項,,,45.87,0,0,2,有,有,,3463,83.61,否,升降機械1,7.44,250,,有,,,
買賣,大同區,房地(土地+建物),延平北路三段99巷3弄21-25號(雙號),7.11,,1100225,土地:1建物:1車位:,二層,,公寓(5樓含以下無電梯),工業用,,,21.92,3,2,1,有,無,,870,39.69,否,,0,0,建築物含有：陽台外推。,無,,,
買賣,松山區,房地(土地+建物)+車位,三民路43巷11-15號(單號),14.21,,1100321,土地:1建物:1車位:1,九層,,大樓(11層含以上有電梯),住家用,,,73.85,3,2,2,有,有,,4800,65,是,坡道平面1,0,0,,有,,,
買賣,大安區,房地(土地+建物),復興南路二段151巷6-10號(雙號),4.6,,1100308,土地:1建物:1車位:,四層,,華廈(10層含以下有電梯),住家用,,,36.95,3,2,2,有,有,,3038,82.22,否,,0,0,建築物含有：陽台外推。,有,,,
買賣,士林區,房地(土地+建物)+車位,中山北路七段141巷31-35號(單號),73.9,,1100318,土地:1建物:1車位:3,二層,,華廈(10層含以下有電梯),住家用,,,180.27,4,2,3,有,有,,20900,115.94,是,坡道平面3,0,1000,,有,,,
買賣,松山區,房地(土地+建物)+車位,松河街166-170號(雙號),6.69,,1100203,土地:1建物:1車位:1,二十二層,,大樓(11層含以上有電梯),見其他登記事項,,,80.95,4,2,3,有,有,,6900,92.5,否,坡道平面1,10.03,340,,有,,,
買賣,大安區,房地(土地+建物)+車位,永康街76-80號(雙號),16.19,,1100302,土地:2建物:1車位:3,"十二層,十三層",,大樓(11層含以上有電梯),住家用,,,106.98,4,2,3,有,有,,8750,81.79,是,"坡道機械2,坡道平面1",0,0,建築物含有：夾層、陽台外推、其他增建。,有,,,
買賣,松山區,房地(土地+建物)+車位,健康路416-420號(雙號),4.27,,1100305,土地:2建物:1車位:4,六層,,大樓(11層含以上有電梯),住家用,,,46.89,3,2,2,有,有,,3650,77.84,是,"坡道平面2,坡道機械2",0,0,關係人間交易：親友、員工、共有人或其他特殊關係間之交易。,有,,,
買賣,大同區,房地(土地+建物),庫倫街46-50號(雙號),8.29,,1091230,土地:2建物:1車位:,三層,,華廈(10層含以下有電梯),商業用,,,43.34,3,2,2,有,有,,2620,60.45,否,,0,0,建築物含有：其他增建。,有,,,
買賣,萬華區,房地(土地+建物)+車位,西園路二段281巷26-30號(雙號),8.26,,1100225,土地:1建物:1車位:1,二層,,大樓(11層含以上有電梯),住家用,,,48.25,3,2,2,有,有,,1890,39.17,是,坡道平面1,0,250,建築物含有：其他增建、陽台外推。,有,,,
買賣,士林區,土地,芝山段一小段371-375地號,24.51,,1100208,土地:1建物:0車位:,,,,,,,0,,,,無,無,,478,19.5,-,,0,0,特殊交易標的類型：(包含)公共設施保留地(用地)。,無,,,
買賣,南港區,房地(土地+建物)+車位,福德街391-395號(單號),6.72,,1100302,土地:1建物:1車位:1,五層,,大樓(11層含以上有電梯),見其他登記事項,,,40.16,3,2,1,有,有,,1900,47.31,是,坡道平面1,0,0,建築物含有：陽台外推。車位一年一抽，非固定,有,,,
買賣,大安區,車位,安和路二段81-85號(單號),0.02,,1100322,土地:2建物:1車位:1,"地下一層,地下二層,地下三層",,,商業用,,,2.42,,,,有,有,,89,0,-,升降機械1,0,89,僅車位交易。,有,,,
買賣,北投區,房地(土地+建物),致遠一路二段116-120號(單號),13.31,,1100306,土地:1建物:1車位:,五層,,公寓(5樓含以下無電梯),住家用,,,36.77,5,4,2,有,無,,1775,48.27,否,,0,0,建築物含有：頂樓加蓋、其他增建。,無,,,
買賣,北投區,房地(土地+建物)+車位,三合街一段117巷76-80號(雙號),10.12,,1091227,土地:1建物:1車位:1,九層,,華廈(10層含以下有電梯),住家用,,,52.7,3,2,2,有,有,,2880,65.23,否,坡道平面1,12.23,240,,有,,,
買賣,南港區,房地(土地+建物),福德街373巷51-55號(單號),6.4,,1100221,土地:1建物:1車位:,十五層,,大樓(11層含以上有電梯),見其他登記事項,,,38.71,3,2,1,有,有,,1925,49.73,否,,0,0,建築物含有：其他增建。,有,,,
買賣,文山區,房地(土地+建物),溪口街85巷10弄1-5號(雙號),8.23,,1091220,土地:2建物:1車位:,三層,,公寓(5樓含以下無電梯),住家用,,,26.31,3,2,1,有,無,,1560,59.29,否,,0,0,建築物含有：陽臺外推、其他增建。,無,,,
買賣,松山區,房地(土地+建物),延壽街351-355號(單號),20.34,,1100226,土地:1建物:1車位:,二層,,公寓(5樓含以下無電梯),住家用,,,36.16,3,2,2,有,無,,2950,81.58,否,,0,0,,無,,,
買賣,南港區,房地(土地+建物),市民大道七段51-55號(單號),7.46,,1100304,土地:1建物:1車位:,五層,,公寓(5樓含以下無電梯),住家用,,,20.69,3,1,1,有,無,,1280,61.87,否,,0,0,建築物含有：陽台外推。,無,,,
買賣,大同區,房地(土地+建物),迪化街二段426-430號(雙號),7.87,,1100302,土地:5建物:1車位:,五層,,公寓(5樓含以下無電梯),住家用,,,15.13,2,1,1,有,無,,450,29.74,否,,0,0,關係人間交易：親友、員工、共有人或其他特殊關係間之交易。,無,,,
買賣,南港區,土地,中南段二小段11-15地號,2.9,,1100309,土地:6建物:0車位:,,,,,,,0,,,,無,無,,190,65.52,-,,0,0,特殊交易標的類型：(包含)公共設施保留地(用地)。,無,,,
買賣,文山區,房地(土地+建物),羅斯福路五段192巷5弄11-15號(單號),11.93,,1100131,土地:1建物:1車位:,三層,,公寓(5樓含以下無電梯),住家用,,,41.46,4,2,2,有,無,,1950,47.03,否,,0,0,,無,,,
租賃,,車位,仁愛路四段416-420號,0,,1100224,土地:建物:車位:1,,012,,,,,0,,,,有,有,無,1,0,-,升降平面1,11.58,6000,續租。,,,,
買賣,中山區,土地,金泰段6-10地號,63.94,,1100320,土地:1建物:0車位:,,,,,,,0,,,,無,無,,14387,225.01,-,,0,0,,無,,,
買賣,大同區,房地(土地+建物),承德路三段301巷1-5號(雙號),9.47,,1100101,土地:1建物:1車位:,五層,,公寓(5樓含以下無電梯),住家用,,,32.03,3,2,1,有,無,,1600,49.95,否,,0,0,建築物含有：頂樓加蓋。,無,,,
買賣,中正區,房地(土地+建物)+車位,延平南路151-155號(雙號),6.91,,1100127,土地:1建物:1車位:1,二十層,,大樓(11層含以上有電梯),住家用,,,81.54,,,,無,有,,6800,93.65,否,坡道平面1,12.45,330,特殊交易情況、條件：毛胚屋。,有,,,
買賣,南港區,房地(土地+建物)+車位,松河街766-770號(雙號),14.11,,1100205,土地:1建物:1車位:1,"一層,見其他登記事項",,華廈(10層含以下有電梯),住家用,,,57.19,3,2,2,有,有,,3428,59.94,是,坡道平面1,0,0,建築物含有：陽台外推、夾層、其他增建。,有,,,
買賣,文山區,土地,萬慶段一小段96-100地號,4.99,,1100309,土地:1建物:0車位:,,,,,,,0,,,,無,無,,749,150.1,-,,0,0,,無,,,
買賣,南港區,房地(土地+建物)+車位,重陽路381-385號(雙號),9.37,,1100225,土地:1建物:1車位:1,二層,,華廈(10層含以下有電梯),住家用,,,45.34,2,1,1,有,有,,2440,53.82,是,坡道平面1,0,0,,有,,,
買賣,中山區,房地(土地+建物)+車位,建國北路一段146-150號(雙號),3.13,,1100310,土地:1建物:2車位:1,九層,013,大樓(11層含以上有電梯),住家用,鋼筋混凝土造,0990318,36.02,2,1,1,有,有,,2400,66.63,是,升降平面1,11.96,0,,有,,,
買賣,中山區,房地(土地+建物)+車位,建國北路三段71-75號(單號),3.7,,1100302,土地:2建物:1車位:1,二層,014,大樓(11層含以上有電梯),住家用,鋼筋混凝土造,1041016,37.15,,,,無,有,,2468,73.71,否,坡道平面1,8.01,320,交易總價包含下列非屬不動產價格之費用：裝潢費。,有,,,
買賣,中山區,房地(土地+建物),林森北路557巷1-5號(單號),3.88,,1100301,土地:1建物:1車位:,四層,009,華廈(10層含以下有電梯),住家用,鋼筋混凝土造,0990702,21.06,1,1,1,有,有,,1520,72.17,否,,0,0,,有,,,
買賣,內湖區,房地(土地+建物)+車位,文德路210巷30弄86-90號(單號),4.75,,1070203,土地:1建物:1車位:1,九層,025,大樓(11層含以上有電梯),見其他登記事項,見其他登記事項,1091224,38.5,2,2,1,有,無,,2596,75.67,否,坡道平面1,7.43,245,,有,,,
買賣,內湖區,房地(土地+建物),文德路210巷30弄81-85號(單號),4.26,,1070128,土地:1建物:1車位:,十二層,025,大樓(11層含以上有電梯),見其他登記事項,見其他登記事項,1091224,31.07,2,2,1,有,無,,2398,77.18,否,,0,0,此為讓渡權利，金額2430萬元正,有,,,
買賣,內湖區,房地(土地+建物),康寧路三段99巷39弄81-85號(雙號),5.45,,1100316,土地:1建物:1車位:,四層,007,華廈(10層含以下有電梯),住家用,鋼筋混凝土造,0820426,16.14,1,1,1,有,有,,880,54.52,否,,0,0,建築物含有：其他增建、陽台外推。,有,,,
買賣,內湖區,房地(土地+建物)+車位,成功路四段176-180號(雙號),6.25,,1100125,土地:1建物:1車位:2,七層,029,大樓(11層含以上有電梯),住家用,見其他登記事項,1070223,93.58,3,2,2,有,有,,6980,86.68,否,坡道平面2,17.61,395,裝潢戶,有,,,
買賣,內湖區,房地(土地+建物)+車位,文德路210巷30弄81-85號(單號),8.75,,1070204,土地:1建物:1車位:1,二十一層,025,大樓(11層含以上有電梯),見其他登記事項,見其他登記事項,1091224,68.4,3,2,2,有,無,,5300,82.95,否,坡道平面1,8,290,,有,,,
買賣,內湖區,房地(土地+建物),文德路106-110號(雙號),1.81,,1100228,土地:2建物:1車位:,五層,010,華廈(10層含以下有電梯),住家用,鋼筋混凝土造,0850206,8.57,2,1,1,有,有,,660,77.01,否,,0,0,建築物含有：陽台外推、其他增建。,有,,,
買賣,中山區,房地(土地+建物)+車位,建國北路三段71-75號(單號),3.71,,1100304,土地:2建物:1車位:1,十四層,014,大樓(11層含以上有電梯),住家用,鋼筋混凝土造,1041016,37.15,,,,無,有,,2725,81.16,否,坡道平面1,8.01,360,交易總價包含下列非屬不動產價格之費用：裝潢費。,有,,,
買賣,中山區,房地(土地+建物),新生北路二段137巷26-30號(雙號),14.97,,1100129,土地:1建物:1車位:,"二層,騎樓",002,公寓(5樓含以下無電梯),,加強磚造,,23.63,2,1,1,有,無,,2850,120.61,否,,0,0,特殊交易情況、條件：具重建或重劃、都更等效益。,無,,,
買賣,內湖區,房地(土地+建物),陽光街161巷11-15號(雙號),6.4,,1100313,土地:1建物:1車位:,四層,005,華廈(10層含以下有電梯),住家用,鋼筋混凝土造,1080716,12.42,1,1,1,有,有,,1006,81,否,,0,0,,有,,,
買賣,中山區,房地(土地+建物),農安街26-30號(雙號),0.97,,1100326,土地:1建物:1車位:,七層,011,大樓(11層含以上有電梯),住商用,鋼筋混凝土造,0690821,9.27,1,1,1,有,有,,480,51.78,否,,0,0,建築物含有：陽台外推。,有,,,
買賣,內湖區,房地(土地+建物),民權東路六段81巷16-20號(雙號),11.7,,1100305,土地:1建物:1車位:,二層,004,公寓(5樓含以下無電梯),住家用,鋼筋混凝土造,0670531,32.62,3,2,2,有,無,,1632,50.03,否,,0,0,關係人間交易：親友、員工、共有人或其他特殊關係間之交易。,無,,,
買賣,中山區,房地(土地+建物),錦州街30巷11-15號(單號),0.75,,1100320,土地:1建物:1車位:,五層,010,華廈(10層含以下有電梯),商業用,鋼筋混凝土造,0680613,6.42,1,1,1,有,有,,285,44.39,否,,0,0,,有,,,
買賣,內湖區,房地(土地+建物),星雲街168巷31-35號(單號),3.13,,1100306,土地:1建物:1車位:,十一層,021,大樓(11層含以上有電梯),住家用,鋼筋混凝土造,0860124,20,1,1,1,有,有,,1180,59,否,,0,0,建築物含有：夾層。,有,,,
租賃,松山區,建物,民生東路五段16-20號(雙號),0,,1100225,土地:建物:2車位:,見其他登記事項,004,店面(店鋪),商業用,鋼筋混凝土造,0711012,41.45,0,3,1,有,無,有,11,2566.95,否,,0,0,含增建或未登記建物。,,,,
買賣,內湖區,房地(土地+建物)+車位,康樂街136巷30弄6-10號(單號),7.65,,1080409,土地:1建物:1車位:1,十四層,015,大樓(11層含以上有電梯),見其他登記事項,鋼筋混凝土造,1090424,51.83,3,2,2,有,有,,2488,54.29,否,坡道平面1,10.61,250,,有,,,
買賣,文山區,車位,辛亥路七段81-85號(雙號),0.1,,1100201,土地:2建物:1車位:1,"一層,地下一層",011,,共有部分,鋼筋混凝土造,0891025,9.43,,,,有,有,,80,0,-,坡道機械1,0,80,僅車位交易。,有,,,
租賃,松山區,建物,南京東路四段101-105號(雙號),0,,1100224,土地:建物:2車位:,見其他登記事項,012,店面(店鋪),商業用,鋼筋混凝土造,0750514,41.74,,,,無,無,無,11,2725.9,否,,0,0,,,,,
租賃,士林區,房地(土地+建物),天母西路46-50號(雙號),5.1,,1100217,土地:4建物:1車位:,一層,007,華廈(10層含以下有電梯),住家用,鋼筋混凝土造,0690606,25.79,2,2,1,有,有,無,2,930.59,否,,0,0,,,,,
租賃,內湖區,建物,民權東路六段180巷96-100號(雙號),0,,1100226,土地:建物:1車位:1,八層,011,住宅大樓(11層含以上有電梯),住家用,鋼筋混凝土造,1050322,53.03,3,2,2,有,有,有,5,848.58,是,坡道平面1,11.27,0,,,,,
租賃,北投區,建物,大度路三段186-190號(單號),0,,1100225,土地:建物:1車位:1,十二層,014,住宅大樓(11層含以上有電梯),共有部分,鋼筋混凝土造,0910322,44.54,2,2,2,有,有,有,4,971.17,否,坡道平面1,11.59,3000,,,,,
租賃,北投區,建物,中正街71-75號(單號),0,,1100301,土地:建物:1車位:,一層,029,店面(店鋪),見其他登記事項,鋼骨鋼筋混凝土造,0961119,18.01,,,,無,有,無,4,1943.36,否,,0,0,續租。,,,,
買賣,中山區,車位,新生北路三段82巷16-20號(雙號),1.17,,1100305,土地:1建物:1車位:1,地下二層,006,,停車空間,鋼筋混凝土造,0810929,9.48,,,,有,無,,100,0,-,升降平面1,0,100,僅車位交易。,有,,,
租賃,文山區,建物,木柵路一段16-20號(雙號),0,,1100225,土地:建物:1車位:,三層,004,公寓(5樓含以下無電梯),住家用,加強磚造,,22.52,3,2,2,有,無,有,2,888.1,否,,0,0,,,,,
租賃,中正區,建物,和平西路一段96-100號(雙號),0,,1100226,土地:建物:1車位:,五層,015,住宅大樓(11層含以上有電梯),共有部分,鋼筋混凝土造,0970530,26.23,2,2,1,有,有,有,3,1067.48,否,,0,0,,,,,
租賃,中山區,建物,農安街6-10號(雙號),0,,1100301,土地:建物:1車位:,十二層,014,辦公商業大樓,住家用,鋼筋混凝土造,0980622,15.9,1,1,1,有,有,有,4,2201.26,否,,0,0,含管理費、稅金或水電等費用。,,,,
租賃,中山區,建物,松江路184巷26弄21-25號(單號),0,,1100227,土地:建物:1車位:,五層,014,住宅大樓(11層含以上有電梯),住家用,鋼筋混凝土造,0971128,55.02,4,2,2,有,有,有,7,1272.26,否,,0,0,續租。含管理費、稅金或水電等費用。,,,,
租賃,中山區,建物,松江路93巷1-5號(單號),0,,1100301,土地:建物:1車位:,五層,006,華廈(10層含以下有電梯),住家用,鋼筋混凝土造,0860417,56.55,2,2,2,有,有,有,6,1114.06,否,,0,0,含管理費、稅金或水電等費用。,,,,
租賃,士林區,建物,中山北路七段21-25號(雙號),0,,1100227,土地:建物:1車位:,三層,007,華廈(10層含以下有電梯),住家用,鋼筋混凝土造,0750103,43.38,3,2,2,有,有,有,7,1659.75,否,,0,0,含管理費、稅金或水電等費用。,,,,
租賃,信義區,建物,忠孝東路五段743巷31弄21-25號(單號),0,,1100227,土地:建物:1車位:1,四層,016,住宅大樓(11層含以上有電梯),見其他登記事項,鋼筋混凝土造,1070824,46.62,3,2,2,有,無,有,8,1780.35,是,坡道平面1,10.24,0,,,,,
租賃,士林區,建物,建業路31-35號(雙號),0,,1100228,土地:建物:1車位:,三層,004,華廈(10層含以下有電梯),住家用,鋼筋混凝土造,1060405,8.04,1,0,1,有,有,有,1,1616.92,否,,0,0,台北市都發局社會住宅包租代管第2期計畫,,,,
租賃,萬華區,建物,西寧南路36-40號(雙號),0,,1100224,土地:建物:1車位:,三層,010,華廈(10層含以下有電梯),商業用,預力混凝土造,0671215,6.9,0,1,0,有,有,有,0,362.32,否,,0,0,做倉庫使用。,,,,
租賃,內湖區,建物,五分街1-5號(單號),0,,1100225,土地:建物:1車位:,一層,005,店面(店鋪),住家用,鋼筋混凝土造,0740923,34.85,,,,無,無,有,9,2439.02,否,,0,0,,,,,
租賃,松山區,建物,光復南路46巷31-35號(雙號),0,,1100224,土地:建物:1車位:,四層,007,華廈(10層含以下有電梯),住家用,鋼筋混凝土造,0701230,51.54,3,2,2,有,無,有,7,1261.16,否,,0,0,,,,,
租賃,大安區,建物,永康街4巷16-20號(雙號),0,,1100226,土地:建物:1車位:,九層,010,住宅大樓(11層含以上有電梯),住家用,鋼筋混凝土造,0960911,20.42,1,2,1,有,有,有,4,1958.86,否,,0,0,,,,,
租賃,大安區,房地(土地+建物)+車位,敦化南路二段76-80號(雙號),0,,1100225,土地:0建物:1車位:1,十層,024,辦公商業大樓,商業用,鋼筋混凝土造,0751020,174.12,12,0,0,有,有,無,35,2020.16,是,坡道平面1,0,0,"民國110年2月25日至110年3月31日為免租金裝潢期,租金含稅,屋主有附贈車位使用B2-8號",,,,
租賃,中山區,建物,明水路526巷1-5號(單號),0,,1100226,土地:建物:1車位:2,五層,011,住宅大樓(11層含以上有電梯),住家用,鋼骨鋼筋混凝土造,0961108,87.95,3,2,2,有,有,有,10,1137.01,是,坡道平面2,22.01,0,,,,,
租賃,士林區,建物,延平北路五段136巷31-35號(單號),0,,1100226,土地:建物:1車位:,二層,004,公寓(5樓含以下無電梯),住家用,鋼筋混凝土造,0620601,26.63,3,1,2,有,無,有,2,863.69,否,,0,0,租賃期間含免租金裝潢期。,,,,
租賃,士林區,建物,德行東路283巷31-35號(單號),0,,1100227,土地:建物:1車位:,七層,007,套房(1房(1廳)1衛),見其他登記事項,鋼筋混凝土造,0971222,10.17,1,1,1,有,有,有,2,2064.9,否,,0,0,含增建或未登記建物。,,,,
租賃,北投區,建物,裕民二路41-45號(單號),0,,1100226,土地:建物:1車位:1,七層,015,住宅大樓(11層含以上有電梯),住家用,鋼筋混凝土造,0950630,64.82,4,2,2,有,有,有,8,1218.76,是,坡道平面1,0,0,含管理費、稅金或水電等費用。續租。,,,,
租賃,松山區,建物,民生東路五段69巷2弄1-5號(雙號),0,,1100226,土地:建物:1車位:,四層,004,公寓(5樓含以下無電梯),住家用,鋼筋混凝土造,0551029,36.16,4,2,2,有,有,有,7,1797.57,否,,0,0,,,,,
買賣,北投區,土地,奇岩段五小段616-620地號,8.17,,1100217,土地:1建物:0車位:,,,,,,,0,,,,無,無,,1068,130.72,-,,0,0,特殊交易情況、條件：畸零地或有合併使用效益。與政府有關之交易：政府機關標讓售。,無,,,
預售屋,北投區,房地(土地+建物)+車位,文林段四小段176-180地號,8.22,,1091119,土地:13建物:1車位:1,十一層,014,住宅大樓(11層含以上有電梯),住家用,鋼筋混凝土造,,56.59,3,2,2,有,,,4240,87.06,否,坡道平面1,11.22,290,,,27.63,2.57,26.38
買賣,大安區,房地(土地+建物),敦化南路二段172巷21-25號(雙號),10.63,,1100222,土地:1建物:1車位:,三層,,華廈(10層含以下有電梯),住家用,,,58.21,,,,無,有,,6998,120.22,否,,0,0,特殊交易情況、條件：毛胚屋。,有,,,
買賣,信義區,房地(土地+建物),忠孝東路五段492巷9弄6-10號(單號),6.88,,1100221,土地:1建物:1車位:,"二層,陽臺",,公寓(5樓含以下無電梯),住家用,,,21.01,3,2,1,有,無,,1318,62.73,否,,0,0,,無,,,
買賣,大安區,房地(土地+建物),仁愛路四段122巷11-15號(雙號),4.7,,1100122,土地:3建物:1車位:,四層,,華廈(10層含以下有電梯),住家用,,,24.26,2,1,1,有,有,,2130,87.8,否,,0,0,,有,,,
買賣,中正區,房地(土地+建物),牯嶺街146-150號(雙號),5.88,,1100126,土地:2建物:1車位:,四層,,大樓(11層含以上有電梯),見其他登記事項,,,63.87,4,2,2,有,有,,2734,42.81,否,,0,0,關係人間交易：親友、員工、共有人或其他特殊關係間之交易。,有,,,
買賣,松山區,房地(土地+建物),八德路四段106巷8弄6-10號(雙號),8.17,,1100307,土地:1建物:1車位:,三層,,公寓(5樓含以下無電梯),住家用,,,28.16,3,2,1,有,無,,1788,63.49,否,,0,0,建築物含有：其他增建。,無,,,
買賣,文山區,房地(土地+建物)+車位,政大一街241-245號(單號),13.05,,1100306,土地:1建物:1車位:1,二層,,華廈(10層含以下有電梯),住家用,,,39.64,2,2,1,有,有,,1684,42.48,是,坡道平面1,10.01,0,,有,,,
買賣,大同區,房地(土地+建物)+車位,甘谷街31-35號(單號),4.95,,1100304,土地:3建物:1車位:1,四層,,大樓(11層含以上有電梯),商業用,,,53.26,2,2,1,有,有,,2615,49.1,是,坡道平面1,0,0,建築物含有：陽台外推。,有,,,
買賣,中正區,房地(土地+建物),羅斯福路三段240巷17弄6-10號(雙號),8.41,,1100314,土地:1建物:1車位:,五層,,公寓(5樓含以下無電梯),住家用,,,32.12,5,2,3,有,無,,1520,47.32,否,,0,0,建築物含有：頂樓加蓋、其他增建。,無,,,
買賣,松山區,房地(土地+建物),南京東路五段401-405號(單號),2.31,,1100218,土地:1建物:1車位:,二層,,大樓(11層含以上有電梯),見其他登記事項,,,19.28,3,2,2,有,有,,1550,80.39,否,,0,0,,有,,,
買賣,信義區,房地(土地+建物),吳興街269巷1弄26-30號(雙號),8.07,,1100301,土地:2建物:1車位:,三層,,華廈(10層含以下有電梯),住家用,,,39.29,3,2,2,有,無,,2772,70.55,否,,0,0,建築物含有：陽台外推。,有,,,
買賣,大同區,房地(土地+建物),重慶北路三段201-205號(單號),1.88,,1100305,土地:2建物:1車位:,十一層,,大樓(11層含以上有電梯),住家用,,,15.22,,,,無,有,,1202,78.98,否,,0,0,,有,,,
買賣,松山區,房地(土地+建物)+車位,敦化北路6-10號(雙號),12.77,,1100208,土地:2建物:1車位:3,十層,,大樓(11層含以上有電梯),見其他登記事項,,,163.7,3,2,4,有,有,,27220,196.54,否,坡道平面3,31.51,1240,,有,,,
買賣,信義區,房地(土地+建物),吳興街284巷9弄11-15號(雙號),10.23,,1100228,土地:1建物:1車位:,三層,,公寓(5樓含以下無電梯),住家用,,,36,3,2,2,有,無,,1968,54.67,否,,0,0,,無,,,
買賣,士林區,房地(土地+建物),士東路266巷11弄1-5號(單號),2.84,,1100207,土地:4建物:1車位:,地下層,,公寓(5樓含以下無電梯),見使用執照,,,28.34,4,1,2,有,無,,738,26.04,否,,0,0,,無,,,
買賣,南港區,房地(土地+建物),研究院路二段182巷78弄1-5號(單號),9.08,,1100203,土地:1建物:1車位:,二層,,公寓(5樓含以下無電梯),住家用,,,32.4,3,2,2,有,無,,1000,30.86,否,,0,0,,無,,,
買賣,松山區,房地(土地+建物)+車位,健康路156-160號(雙號),6.76,,1091231,土地:2建物:1車位:1,十四層,,大樓(11層含以上有電梯),住家用,,,60.11,4,2,2,有,有,,3700,61.55,是,坡道平面1,0,0,,有,,,
買賣,文山區,房地(土地+建物),三福街74巷1-5號(單號),7.73,,1100220,土地:3建物:1車位:,三層,,公寓(5樓含以下無電梯),見其他登記事項,,,33.63,3,2,2,有,無,,1670,49.66,否,,0,0,,無,,,
買賣,南港區,房地(土地+建物)+車位,昆陽街176-180號(雙號),6.26,,1100225,土地:1建物:1車位:1,八層,,大樓(11層含以上有電梯),見其他登記事項,,,41.46,3,2,1,有,有,,2600,73.93,否,坡道平面1,10.08,280,,有,,,
買賣,士林區,房地(土地+建物),中山北路七段219巷6-10號(雙號),4.99,,1100307,土地:1建物:2車位:,一層,,華廈(10層含以下有電梯),住家用,,,28.33,1,1,2,有,有,,1768,62.41,否,,0,0,建築物含有：陽台外推。,有,,,
買賣,信義區,房地(土地+建物)+車位,基隆路二段56-60號(雙號),1.67,,1100207,土地:1建物:1車位:1,六層,,華廈(10層含以下有電梯),商業用,,,22.02,2,2,1,有,有,,1480,67.21,是,升降機械1,0,150,建築物含有：其他增建、陽台外推、夾層。,有,,,
買賣,北投區,房地(土地+建物)+車位,公館路167巷1-5號(單號),44,,1100307,土地:3建物:1車位:1,六層,,大樓(11層含以上有電梯),住家用,,,83.83,4,2,2,有,有,,3090,36.86,是,坡道平面1,0,0,,有,,,
買賣,大安區,房地(土地+建物),延吉街171-175號(單號),4.97,,1091123,土地:1建物:1車位:,六層,,大樓(11層含以上有電梯),住家用,,,52.53,4,2,2,有,有,,4720,89.85,否,,0,0,建築物含有：陽台外推。,有,,,
買賣,士林區,房地(土地+建物),通河西街二段126-130號(雙號),11.77,,1100303,土地:1建物:1車位:,十層,,大樓(11層含以上有電梯),住家用,,,57.12,3,2,3,有,有,,2628,46.01,否,,0,0,,有,,,
買賣,大安區,房地(土地+建物),浦城街13巷11-15號(雙號),8.77,,1100223,土地:2建物:1車位:,三層,,公寓(5樓含以下無電梯),住家用,,,21.73,6,1,2,有,無,,1800,82.83,否,,0,0,建築物含有：其他增建。,無,,,
買賣,大安區,房地(土地+建物),和平東路一段11-15號(單號),9.01,,1091229,土地:2建物:1車位:,"一層,二層,三層,騎樓",,透天厝,,,,22.26,,,,無,無,,3920,176.1,-,,0,0,建築物含有：其他增建。,無,,,
買賣,大安區,房地(土地+建物),新生南路一段103巷11-15號(單號),11.15,,1100224,土地:1建物:1車位:,三層,,華廈(10層含以下有電梯),住家用,,,49.55,3,2,2,有,有,,4090,82.54,否,,0,0,,有,,,
買賣,大安區,房地(土地+建物),和平東路三段106-110號(雙號),1.13,,1100319,土地:2建物:1車位:,三層,,大樓(11層含以上有電梯),見其他登記事項,,,10.09,1,1,1,有,有,,1075,106.54,否,,0,0,,有,,,
買賣,北投區,房地(土地+建物),復興一路51-55號(雙號),7.66,,1100219,土地:2建物:1車位:,一層,,公寓(5樓含以下無電梯),住家用,,,16.07,3,2,1,有,無,,675,42,否,,0,0,,無,,,
買賣,文山區,土地,萬慶段一小段96-100地號,9.98,,1100309,土地:1建物:0車位:,,,,,,,0,,,,無,無,,1497,150,-,,0,0,,無,,,
買賣,萬華區,房地(土地+建物),康定路101-105號(單號),1.19,,1100320,土地:1建物:1車位:,十三層,,大樓(11層含以上有電梯),住家用,,,17.64,1,0,1,有,有,,1170,66.33,否,,0,0,,有,,,
買賣,士林區,房地(土地+建物),忠誠路二段41巷26-30號(雙號),12.63,,1100316,土地:1建物:1車位:,三層,,公寓(5樓含以下無電梯),住家用,,,36.17,3,2,2,有,無,,2200,60.82,否,,0,0,,無,,,
買賣,北投區,房地(土地+建物),中央北路四段515巷61-65號(雙號),4.55,,1100221,土地:1建物:1車位:,十一層,,大樓(11層含以上有電梯),見其他登記事項,,,19.05,1,1,1,有,有,,890,46.72,否,,0,0,建築物含有：夾層。,有,,,
買賣,中正區,房地(土地+建物),羅斯福路四段66-70號(雙號),1.05,,1100301,土地:2建物:1車位:,七層,,大樓(11層含以上有電梯),見其他登記事項,,,13.83,1,1,1,有,有,,1200,86.77,否,,0,0,,有,,,
買賣,士林區,房地(土地+建物),天母東路50巷16-20號(雙號),3.48,,1100222,土地:1建物:1車位:,三層,,華廈(10層含以下有電梯),住家用,,,26.26,4,2,1,有,有,,1919,73.08,否,,0,0,建築物含有：陽台外推、其他增建。,有,,,
買賣,大安區,房地(土地+建物),敦化南路一段161巷61-65號(單號),12.63,,1100227,土地:2建物:1車位:,三層,,公寓(5樓含以下無電梯),,,,27.86,3,1,1,有,無,,2400,86.15,否,,0,0,,無,,,
預售屋,北投區,房地(土地+建物)+車位,文林段四小段176-180地號,8.24,,1091118,土地:13建物:1車位:1,一層,014,住宅大樓(11層含以上有電梯),住家用,鋼筋混凝土造,,56.9,3,2,2,有,,,4100,82.97,否,坡道平面1,11.22,310,,,27.41,3.01,26.48
買賣,文山區,房地(土地+建物)+車位,興隆路二段203巷16-20號(雙號),11.17,,1100123,土地:1建物:1車位:1,七層,,大樓(11層含以上有電梯),住家用,,,45.18,3,2,2,有,有,,2420,53.56,是,坡道平面1,11.13,0,,有,,,
買賣,文山區,房地(土地+建物),萬利街30巷31-35號(單號),13.69,,1100219,土地:1建物:1車位:,二層,,公寓(5樓含以下無電梯),住家用,,,29.28,3,2,2,有,無,,1380,47.13,否,,0,0,建築物含有：陽臺外推、其他增建。,無,,,
買賣,萬華區,房地(土地+建物),青年路168巷2弄66-70號(雙號),6.43,,1100302,土地:1建物:1車位:,"五層,陽臺",,公寓(5樓含以下無電梯),住家用,,,17.81,2,1,1,有,無,,650,36.5,否,,0,0,,無,,,
買賣,南港區,土地,中南段四小段241-245地號,3.38,,1100226,土地:2建物:0車位:,,,,,,,0,,,,無,無,,200,59.17,-,,0,0,土地上有：未登記建物。,無,,,
買賣,中山區,房地(土地+建物)+車位,中山北路二段116-120號(雙號),2.18,,1100208,土地:2建物:1車位:1,三層,014,大樓(11層含以上有電梯),住家用,鋼筋混凝土造,1080227,26.48,1,1,1,有,有,,2080,78.55,是,塔式車位1,5.33,0,,有,,,
買賣,中山區,房地(土地+建物),龍江路397巷31-35號(雙號),8.97,,1100301,土地:6建物:1車位:,三層,005,公寓(5樓含以下無電梯),住家用,鋼筋混凝土造,0680910,31.86,3,2,2,有,無,,2020,63.4,否,,0,0,建築物含有：陽台外推、其他增建。,無,,,
買賣,內湖區,房地(土地+建物)+車位,文德路210巷30弄91-95號(單號),7.02,,1070210,土地:1建物:1車位:1,六層,025,大樓(11層含以上有電梯),見其他登記事項,見其他登記事項,1091224,56.7,3,2,2,有,無,,3680,70.12,否,坡道平面1,8,265,,有,,,
買賣,中山區,房地(土地+建物),長安東路二段81-85號(單號),2.48,,1100225,土地:1建物:1車位:,九層,012,大樓(11層含以上有電梯),商業用,鋼筋混凝土造,0720719,28.72,1,1,0,有,有,,1680,58.5,否,,0,0,,有,,,
買賣,中山區,房地(土地+建物),錦州街31-35號(雙號),8.38,,1100205,土地:1建物:2車位:,十一層,011,大樓(11層含以上有電梯),住家用,鋼筋混凝土造,0711102,92.44,8,0,8,有,無,,3800,41.11,否,,0,0,建築物含有：陽台外推、其他增建。,有,,,
買賣,內湖區,房地(土地+建物)+車位,成功路四段176-180號(雙號),6.1,,1100224,土地:1建物:1車位:2,五層,029,大樓(11層含以上有電梯),住家用,見其他登記事項,1070223,91.71,4,2,2,有,有,,6606,83.89,否,坡道平面2,17.61,390,含裝潢,有,,,
買賣,中山區,房地(土地+建物),松江路194巷31-35號(雙號),9.56,,1100317,土地:3建物:1車位:,六層,006,華廈(10層含以下有電梯),住家用,鋼筋混凝土造,0660202,36.18,3,1,2,有,無,,2600,71.86,否,,0,0,,有,,,
買賣,內湖區,房地(土地+建物),成功路二段238巷1-5號(單號),8.3,,1100222,土地:1建物:1車位:,五層,005,公寓(5樓含以下無電梯),住家用,鋼筋混凝土造,0691004,28.82,3,2,1,有,無,,1100,38.17,否,,0,0,建築物含有：其他增建。,無,,,
買賣,內湖區,房地(土地+建物),內湖路一段737巷51弄6-10號(雙號),10.38,,1100301,土地:1建物:1車位:,四層,004,公寓(5樓含以下無電梯),住家用,鋼筋混凝土造,0670130,27.19,4,0,4,有,無,,1828,67.23,否,,0,0,建築物含有：頂樓加蓋、陽台外推。,無,,,
買賣,內湖區,房地(土地+建物)+車位,文德路210巷30弄86-90號(單號),4.76,,1070204,土地:1建物:1車位:1,三層,025,大樓(11層含以上有電梯),見其他登記事項,見其他登記事項,1091224,39.09,2,2,1,有,無,,2494,70.89,否,坡道平面1,8,290,,有,,,
買賣,內湖區,房地(土地+建物)+車位,安泰街114巷21-25號(單號),6.52,,1100311,土地:1建物:1車位:1,四層,009,華廈(10層含以下有電梯),住家用,鋼筋混凝土造,0980929,43.33,2,2,1,有,有,,1520,43.88,否,坡道平面1,13.25,200,,有,,,
買賣,內湖區,房地(土地+建物),內湖路三段143巷26-30號(雙號),4.72,,1100122,土地:1建物:1車位:,五層,005,公寓(5樓含以下無電梯),住家用,鋼筋混凝土造,0710227,19.93,2,2,1,有,無,,950,47.67,否,,0,0,建築物含有：陽台外推、頂樓加蓋、其他增建。,無,,,
買賣,中山區,房地(土地+建物),林森北路259巷6-10號(單號),1.62,,1100305,土地:1建物:1車位:,三層,007,華廈(10層含以下有電梯),商業用,鋼筋混凝土造,0730922,9.85,1,1,1,有,有,,538,54.62,否,,0,0,,有,,,
買賣,內湖區,房地(土地+建物)+車位,成功路五段450巷22弄16-20號(雙號),5.7,,1100302,土地:1建物:1車位:1,一層,014,大樓(11層含以上有電梯),住家用,鋼筋混凝土造,0870925,33.8,3,2,1,有,有,,1920,56.8,是,坡道機械1,5.75,0,建築物含有：夾層。,有,,,
買賣,中山區,房地(土地+建物),中山北路二段137巷31-35號(雙號),1.1,,1100318,土地:1建物:1車位:,八層,010,華廈(10層含以下有電梯),住家用,鋼筋混凝土造,0670130,9.06,1,1,1,有,有,,580,64.02,否,,0,0,,有,,,
買賣,中山區,房地(土地+建物)+車位,新生北路二段68巷6-10號(雙號),3.27,,1100204,土地:1建物:1車位:1,七層,012,大樓(11層含以上有電梯),住家用,見其他登記事項,1050602,39.31,2,1,1,有,有,,2468,90.36,否,坡道平面1,13.99,180,,有,,,
買賣,內湖區,房地(土地+建物),康樂街136巷30弄6-10號(單號),7.08,,1080622,土地:1建物:1車位:,三層,015,大樓(11層含以上有電梯),見其他登記事項,鋼筋混凝土造,1090424,38.23,3,2,2,有,有,,1948,50.95,否,,0,0,,有,,,
買賣,內湖區,房地(土地+建物)+車位,康樂街136巷30弄11-15號(單號),7.65,,1090718,土地:1建物:1車位:1,十二層,015,大樓(11層含以上有電梯),見其他登記事項,鋼筋混凝土造,1090424,51.83,3,2,2,有,有,,2540,55.56,否,坡道平面1,10.61,250,,有,,,
買賣,內湖區,房地(土地+建物)+車位,金龍路222巷6-10號(雙號),14.36,,1100227,土地:1建物:1車位:1,六層,012,大樓(11層含以上有電梯),住家用,鋼筋混凝土造,0821213,46.07,3,2,2,有,有,,2239,55.5,否,坡道平面1,9.33,200,,有,,,
買賣,內湖區,房地(土地+建物)+車位,行善路286-290號(單號),15.59,,1100115,土地:1建物:1車位:2,十層,014,大樓(11層含以上有電梯),住家用,鋼筋混凝土造,1021227,99.14,3,2,2,有,有,,5860,64.91,否,坡道平面2,18.11,600,關係人間交易：親友、員工、共有人或其他特殊關係間之交易。,有,,,
買賣,內湖區,房地(土地+建物),康樂街136巷30弄16-20號(單號),5.61,,1080614,土地:1建物:1車位:,五層,015,大樓(11層含以上有電梯),見其他登記事項,鋼筋混凝土造,1090424,30.25,3,2,1,有,有,,1620,53.55,否,,0,0,,有,,,
租賃,大同區,建物,昌吉街26-30號(雙號),0,,1100226,土地:建物:1車位:,七層,014,住宅大樓(11層含以上有電梯),住家用,鋼筋混凝土造,1010112,64.96,3,2,2,有,有,有,9,1385.47,否,,0,0,,,,,
租賃,中山區,建物,北安路786-790號(單號),0,,1100228,土地:建物:1車位:,三層,014,住宅大樓(11層含以上有電梯),住家用,鋼筋混凝土造,1020904,26.18,2,2,1,有,有,有,4,1336.9,否,,0,0,租賃範圍不含車位，且無法區分車位面積。,,,,
買賣,中山區,車位,新生北路三段82巷16-20號(雙號),1.17,,1100305,土地:1建物:1車位:1,地下二層,006,,停車空間,鋼筋混凝土造,0810929,9.48,,,,有,無,,100,0,-,升降平面1,0,100,僅車位交易。,有,,,
買賣,內湖區,房地(土地+建物)+車位,內湖路一段411巷66-70號(雙號),29.03,,1100208,土地:2建物:1車位:6,二十層,028,大樓(11層含以上有電梯),住家用,鋼骨鋼筋混凝土造,1051026,208.93,,,,無,有,,21000,118.07,否,坡道平面6,46.31,1800,,有,,,
買賣,內湖區,房地(土地+建物)+車位,安康路426-430號(雙號),6.25,,1100123,土地:1建物:1車位:1,"一層,二層,三層,四層,五層,六層,七層,八層,九層,屋頂突出物,地下一層,地下二層",009,華廈(10層含以下有電梯),見其他登記事項,鋼筋混凝土造,1090929,33.45,0,0,1,有,有,,2200,65.77,是,升降機械1,9.05,0,預售屋、或土地及建物分次登記案件。,有,,,
租賃,中山區,建物,龍江路457巷6-10號(單號),0,,1100301,土地:建物:車位:,二層,004,套房(1房(1廳)1衛),住家用,鋼筋混凝土造,0651115,7.5,1,0,1,有,無,有,1,960,否,,0,0,有民情風俗因素之租賃。此為分租套房，第二層共分成4間，一間平均面積約為24.79平方公尺。,,,,
租賃,大安區,建物,安和路一段112巷6-10號(單號),0,,1100224,土地:建物:1車位:,地下層,007,辦公商業大樓,見使用執照,鋼筋混凝土造,0720425,67.05,0,1,1,有,無,無,6,894.85,否,,0,0,租金含管理費。,,,,
租賃,萬華區,建物,西寧南路121-125號(單號),0,,1100225,土地:建物:1車位:1,九層,027,住宅大樓(11層含以上有電梯),住家用,見其他登記事項,1010320,55.19,3,2,2,有,有,有,7,1195.87,是,坡道平面1,2.19,0,續租。含管理費、稅金或水電等費用。,,,,
租賃,中山區,建物,龍江路456-460號(單號),0,,1100226,土地:建物:1車位:,四層,004,公寓(5樓含以下無電梯),住家用,鋼筋混凝土造,0651115,28.53,3,2,1,有,無,有,3,946.37,否,,0,0,,,,,
租賃,士林區,建物,建業路31-35號(雙號),0,,1100228,土地:建物:1車位:,四層,004,華廈(10層含以下有電梯),住家用,鋼筋混凝土造,1060405,8.3,1,0,1,有,有,有,1,1566.27,否,,0,0,台北市都發局社會住宅包租代管第2期計畫,,,,
租賃,中山區,建物,新生北路二段71-75號(雙號),0,,1100225,土地:建物:1車位:,七層,012,住宅大樓(11層含以上有電梯),住家用,鋼筋混凝土造,0610402,15.11,,,,無,有,有,2,1191.26,否,,0,0,,,,,
租賃,中山區,建物,中山北路二段77巷6-10號(雙號),0,,1100225,土地:建物:1車位:,十二層,014,住宅大樓(11層含以上有電梯),商業用,鋼筋混凝土造,0901112,16.59,2,1,1,有,有,有,3,1808.32,否,,0,0,續租。含管理費、稅金或水電等費用。,,,,
租賃,中山區,建物,民生東路二段1-5號(單號),0,,1100301,土地:建物:1車位:1,十二層,014,住宅大樓(11層含以上有電梯),見其他登記事項,鋼筋混凝土造,1021112,45.58,3,2,2,有,有,有,8,1755.16,是,坡道平面1,0,0,,,,,
租賃,士林區,建物,忠誠路一段171巷12弄1-5號(單號),0,,1100226,土地:建物:1車位:,十二層,012,住宅大樓(11層含以上有電梯),住家用,鋼筋混凝土造,0981231,62.43,4,2,2,有,有,有,9,1409.58,否,,0,0,,,,,
租賃,大安區,建物,忠孝東路四段231-235號(單號),0,,1100223,土地:建物:1車位:,十一層,011,套房(1房(1廳)1衛),住家用,鋼筋混凝土造,,12.64,1,1,1,有,有,有,2,1898.73,否,,0,0,,,,,
租賃,大安區,建物,信義路四段1-5號(單號),0,,1100225,土地:建物:車位:,六層,012,辦公商業大樓,住家用,鋼筋混凝土造,0611205,33.61,0,1,2,有,有,有,5,1455.67,否,,0,0,含增建或未登記建物。部分承租。,,,,
租賃,北投區,建物,中央南路二段26-30號(雙號),0,,1100228,土地:建物:1車位:,五層,013,其他,見其他登記事項,鋼筋混凝土造,0970523,18.07,1,2,1,有,有,有,2,1106.81,否,,0,0,,,,,
租賃,北投區,建物,裕民二路61-65號(單號),0,,1100226,土地:建物:1車位:,二層,019,住宅大樓(11層含以上有電梯),見其他登記事項,鋼筋混凝土造,1021108,53.1,3,2,2,有,有,有,7,1318.27,否,,0,0,續租。含管理費、稅金或水電等費用。,,,,
租賃,內湖區,建物,新豐街86-90號(雙號),0,,1100301,土地:建物:1車位:1,九層,010,華廈(10層含以下有電梯),住家用,鋼筋混凝土造,1040522,50.53,2,2,1,有,有,有,5,890.56,是,坡道平面1,14.26,0,,,,,
租賃,內湖區,建物,內湖路一段629巷6-10號(雙號),39.07,,1100224,土地:建物:1車位:,一層,005,店面(店鋪),見使用執照,鋼筋混凝土造,0700113,39.07,,,,無,無,無,5,1151.78,否,,0,0,地下室未出租,,,,
租賃,信義區,建物,忠孝東路五段492巷21-25號(雙號),0,,1100225,土地:建物:1車位:,一層,004,公寓(5樓含以下無電梯),住家用,加強磚造,0570906,21.19,1,1,1,有,無,有,4,1887.68,否,,0,0,含增建或未登記建物。,,,,
買賣,中正區,車位,和平西路二段126-130號(雙號),0.08,,1100305,土地:2建物:1車位:1,"地下一層,地下二層,地下三層",,,見其他登記事項,,,7.64,,,,有,有,,330,0,-,坡道平面1,0,330,關係人間交易：親友、員工、共有人或其他特殊關係間之交易。僅車位交易。,有,,,
預售屋,北投區,房地(土地+建物)+車位,文林段四小段176-180地號,8.22,,1091104,土地:13建物:1車位:1,十四層,014,住宅大樓(11層含以上有電梯),住家用,鋼筋混凝土造,,56.59,3,2,2,有,,,4550,93.01,否,坡道平面1,11.22,330,,,27.63,2.57,26.38
買賣,大安區,房地(土地+建物),信義路三段147巷11弄16-20號(單號),13.01,,1100315,土地:1建物:1車位:,二層,,公寓(5樓含以下無電梯),住家用,,,28.35,3,2,1,有,無,,2000,70.55,否,,0,0,關係人間交易：親友、員工、共有人或其他特殊關係間之交易。,無,,,
買賣,中正區,房地(土地+建物),重慶南路一段56-60號(單號),0.81,,1100312,土地:1建物:1車位:,十層,,大樓(11層含以上有電梯),見使用執照,,,10.29,1,1,1,有,有,,780,75.8,否,,0,0,建築物含有：夾層。,有,,,
買賣,士林區,房地(土地+建物),中山北路六段431-435號(單號),8.31,,1100302,土地:2建物:1車位:,五層,,公寓(5樓含以下無電梯),住家用,,,25.91,3,2,2,有,無,,1390,53.65,否,,0,0,建築物含有：陽台外推。,無,,,
買賣,信義區,房地(土地+建物)+車位,信義路五段106-110號(單號),2.83,,1100304,土地:1建物:1車位:1,三層,,大樓(11層含以上有電梯),見其他登記事項,,,19.55,1,1,1,有,有,,1350,69.05,是,坡道機械1,0,0,建築物含有：夾層。,有,,,
買賣,萬華區,車位,內江街126-130號(雙號),0.01,,1100125,土地:1建物:1車位:1,"一層,地下一層,地下二層,地下三層,地下四層,地下五層",,,見其他登記事項,,,12.76,,,,有,有,,200,0,-,坡道平面1,12.76,200,關係人間交易：親友、員工、共有人或其他特殊關係間之交易。僅車位交易。,有,,,
買賣,信義區,房地(土地+建物),光復南路501-505號(單號),0.83,,1100228,土地:1建物:1車位:,十層,,大樓(11層含以上有電梯),商業用,,,9.73,1,1,1,有,有,,890,91.47,否,,0,0,建築物含有：其他增建。,有,,,
買賣,南港區,房地(土地+建物),福德街321-325號(單號),9.76,,1100116,土地:1建物:1車位:,"三層,陽臺",,公寓(5樓含以下無電梯),住家用,,,25.86,3,2,2,有,無,,1536,59.4,否,,0,0,建築物含有：陽台外推、其他增建。,無,,,
買賣,士林區,房地(土地+建物),中山北路六段405巷31-35號(單號),13.77,,1100205,土地:2建物:1車位:,一層,,華廈(10層含以下有電梯),住家用,,,41.74,3,3,3,有,無,,3448,82.61,否,,0,0,特殊交易情況、條件：具重建或重劃、都更等效益。,有,,,
買賣,南港區,房地(土地+建物),中坡南路31巷6-10號(雙號),3.48,,1100130,土地:1建物:1車位:,四層,,華廈(10層含以下有電梯),見其他登記事項,,,13.83,1,1,1,有,有,,1405,101.59,否,,0,0,,有,,,
買賣,大同區,房地(土地+建物)+車位,民權西路201-205號(單號),2.5,,1070301,土地:3建物:1車位:1,七層,,大樓(11層含以上有電梯),見其他登記事項,,,24.35,2,2,1,有,有,,1475,58.89,否,塔式車位1,1.68,140,預售屋、或土地及建物分次登記案件。本標的於108年7月19日轉讓，轉讓金額1475萬元。,有,,,
買賣,信義區,房地(土地+建物),林口街24巷11-15號(單號),10.81,,1091215,土地:2建物:1車位:,二層,,公寓(5樓含以下無電梯),住家用,,,22.75,4,2,2,有,無,,1100,48.35,否,,0,0,關係人間交易：親友、員工、共有人或其他特殊關係間之交易。,無,,,
預售屋,北投區,房地(土地+建物)+車位,文林段四小段176-180地號,8.22,,1091114,土地:13建物:1車位:1,八層,014,住宅大樓(11層含以上有電梯),住家用,鋼筋混凝土造,,56.59,3,2,2,有,,,3990,81.55,否,坡道平面1,11.22,290,,,27.63,2.57,26.38
買賣,信義區,房地(土地+建物),基隆路二段39巷6-10號(單號),7.79,,1100301,土地:1建物:1車位:,四層,,華廈(10層含以下有電梯),住家用,,,37.03,3,2,2,有,無,,2650,71.56,否,,0,0,,有,,,
買賣,南港區,房地(土地+建物),玉成街11-15號(雙號),10.22,,1100221,土地:4建物:1車位:,四層,,公寓(5樓含以下無電梯),工業用,,,34.84,3,2,2,有,無,,1575,45.21,否,,0,0,,無,,,
買賣,北投區,房地(土地+建物),杏林三路11-15號(雙號),7.27,,1091210,土地:1建物:1車位:,四層,,公寓(5樓含以下無電梯),住家用,,,26.26,3,2,2,有,無,,810,30.85,否,,0,0,建築物含有：陽台外推、其他增建。露台加蓋,無,,,
買賣,士林區,土地,中洲段901-905地號,3.27,,1100314,土地:1建物:0車位:,,,,,,,0,,,,無,無,,41,12.54,-,,0,0,,無,,,
買賣,松山區,房地(土地+建物),三民路74巷6-10號(單號),6.53,,1100207,土地:1建物:1車位:,七層,,華廈(10層含以下有電梯),見其他登記事項,,,28.05,2,2,1,有,有,,2218,79.07,否,,0,0,建築物含有：陽台外推、其他增建。,有,,,
買賣,大同區,房地(土地+建物),重慶北路三段295巷31-35號(雙號),8.39,,1100106,土地:1建物:1車位:,三層,,公寓(5樓含以下無電梯),住商用,,,24.24,2,1,1,有,無,,960,39.6,否,,0,0,關係人間交易：親友、員工、共有人或其他特殊關係間之交易。公同共有產權處分,無,,,
買賣,南港區,房地(土地+建物)+車位,研究院路二段98巷21弄6-10號(雙號),11.48,,1091113,土地:1建物:1車位:1,六層,,大樓(11層含以上有電梯),住家用,,,74.09,4,2,2,有,有,,3950,57.74,否,坡道平面1,10.01,250,,有,,,
買賣,松山區,房地(土地+建物),八德路四段245巷32弄16-20號(單號),7.11,,1100223,土地:1建物:1車位:,"四層,陽臺",,公寓(5樓含以下無電梯),住家用,,,24.4,3,2,1,有,無,,1335,54.71,否,,0,0,,無,,,
買賣,信義區,房地(土地+建物),基隆路一段131-135號(單號),1.91,,1100101,土地:2建物:1車位:,八層,,大樓(11層含以上有電梯),見其他登記事項,,,16.44,1,2,1,有,有,,1980,120.44,否,,0,0,建築物含有：其他增建、夾層。,有,,,
買賣,文山區,房地(土地+建物),下崙路33巷6-10號(單號),7.13,,1100311,土地:2建物:1車位:,二層,,公寓(5樓含以下無電梯),住家用,,,31.55,3,2,2,有,無,,1450,45.96,否,,0,0,建築物含有：陽臺外推。,無,,,
買賣,大同區,房地(土地+建物),迪化街二段172巷6-10號(單號),6.28,,1100115,土地:1建物:1車位:,四層,,公寓(5樓含以下無電梯),住家用,,,18.34,3,2,1,有,無,,765,41.71,否,,0,0,,無,,,
買賣,文山區,房地(土地+建物)+車位,辛亥路四段209巷16-20號(雙號),5.96,,1100306,土地:1建物:1車位:1,六層,,大樓(11層含以上有電梯),見其他登記事項,,,51.68,4,2,2,有,有,,3268,63.24,是,坡道平面1,9.98,0,,有,,,
買賣,大安區,房地(土地+建物),復興南路二段61-65號(單號),6.84,,1100218,土地:4建物:1車位:,二層,,大樓(11層含以上有電梯),商業用,,,55.39,0,0,1,有,有,,4200,75.83,否,,0,0,建築物含有：陽台外推、其他增建。,有,,,
買賣,松山區,房地(土地+建物)+車位,松河街166-170號(雙號),3.29,,1100226,土地:1建物:1車位:1,十層,,大樓(11層含以上有電梯),見其他登記事項,,,41.49,2,2,2,有,有,,3077,74.16,是,坡道平面1,0,0,,有,,,
買賣,信義區,土地,信義段一小段341-345地號,1.32,,1100208,土地:1建物:0車位:,,,,,,,0,,,,無,無,,27,20.45,-,,0,0,特殊交易標的類型：(包含)公共設施保留地(用地)。,無,,,
買賣,北投區,房地(土地+建物),中央北路三段40巷38弄16-20號(雙號),5.61,,1070728,土地:1建物:1車位:,五層,,華廈(10層含以下有電梯),見其他登記事項,,,23.6,2,2,1,有,無,,1100,46.61,否,,0,0,預售屋、或土地及建物分次登記案件。管理委員會組織籌備中。,有,,,
買賣,大安區,車位,泰順街40巷16-20號(單號),0.06,,1100319,土地:1建物:1車位:1,"一層,雨遮,地下一層",,,見其他登記事項,,,4.09,,,,有,無,,168,0,-,升降機械1,0,168,僅車位交易。,有,,,
買賣,南港區,房地(土地+建物),南港路三段116-120號(雙號),13.5,,1100318,土地:1建物:1車位:,"一層,二層,三層,四層,五層,屋頂突出物,地下層",,透天厝,見使用執照,,,44.26,,,,無,無,,1200,27.11,-,,0,0,關係人間交易：親友、員工、共有人或其他特殊關係間之交易。,無,,,
買賣,萬華區,房地(土地+建物)+車位,長沙街二段146-150號(雙號),2.62,,1100209,土地:2建物:1車位:1,"一層,二層,三層,四層,五層,六層,七層,八層,九層,十層,十一層,十二層,十三層,十四層,十五層,十六層,十七層,十八層,屋頂突出物,地下一層,地下二層,地下三層,地下四層,地下五層,地下六層",,大樓(11層含以上有電梯),見其他登記事項,,,38.08,0,1,1,有,有,,1950,65.67,否,坡道平面1,12.04,240,,有,,,
買賣,大安區,房地(土地+建物)+車位,仁愛路四段376-380號(雙號),45.75,,1100203,土地:1建物:4車位:2,七層,,大樓(11層含以上有電梯),商業用,,,440.74,,,,無,有,,38440,90,否,坡道平面2,22.52,800,,有,,,
買賣,中正區,房地(土地+建物),南昌路二段9巷1-5號(雙號),5.8,,1100305,土地:2建物:1車位:,一層,,公寓(5樓含以下無電梯),住家用,,,14.21,2,1,1,有,無,,906,63.76,否,,0,0,關係人間交易：親友、員工、共有人或其他特殊關係間之交易。,無,,,
預售屋,北投區,房地(土地+建物)+車位,文林段四小段176-180地號,10.53,,1091108,土地:13建物:1車位:1,八層,014,住宅大樓(11層含以上有電梯),住家用,鋼筋混凝土造,,69.42,4,2,3,有,,,4985,81.19,否,坡道平面1,11.22,260,,,34.63,4.12,30.67
買賣,文山區,房地(土地+建物),興隆路三段255巷1-5號(單號),61.72,,1100223,土地:4建物:1車位:,"一層,二層,屋頂突出物,水箱,停車場,地下一層",,透天厝,見使用執照,,,70.03,6,3,3,有,有,,3455,49.34,-,,0,0,,無,,,
買賣,士林區,房地(土地+建物)+車位,中山北路六段195巷6-10號(雙號),10.38,,1100303,土地:1建物:1車位:1,十一層,,大樓(11層含以上有電梯),住家用,,,60.21,3,2,2,有,有,,4878,81.02,是,坡道平面1,0,0,,有,,,
買賣,北投區,房地(土地+建物),行義路186巷16-20號(雙號),5.12,,1100227,土地:1建物:1車位:,三層,,華廈(10層含以下有電梯),住家用,,,28.12,3,2,1,有,無,,920,32.72,否,,0,0,建築物含有：陽台外推、其他增建。,有,,,
買賣,大同區,房地(土地+建物),環河北路一段151-155號(單號),2.61,,1100308,土地:1建物:1車位:,四層,,公寓(5樓含以下無電梯),住家用,,,9.43,2,1,2,有,無,,358,37.96,否,,0,0,關係人間交易：親友、員工、共有人或其他特殊關係間之交易。,無,,,
買賣,信義區,房地(土地+建物)+車位,信義路五段101-105號(單號),2.17,,1100128,土地:1建物:1車位:1,二層,,大樓(11層含以上有電梯),見其他登記事項,,,21.81,1,2,2,有,有,,800,36.68,是,坡道平面1,0,0,關係人間交易：親友、員工、共有人或其他特殊關係間之交易。,有,,,
買賣,松山區,車位,民生東路五段161-165號(單號),0.89,,1100311,土地:1建物:1車位:1,地下二層,,,見其他登記事項,,,9.97,,,,有,有,,200,0,-,坡道平面1,9.97,200,關係人間交易：親友、員工、共有人或其他特殊關係間之交易。僅車位交易。,有,,,
買賣,北投區,房地(土地+建物),石牌路二段343巷21-25號(雙號),3.95,,1100302,土地:1建物:1車位:,四層,,華廈(10層含以下有電梯),住家用,,,12.23,1,1,1,有,無,,860,70.32,否,,0,0,建築物含有：夾層、其他增建。,有,,,
買賣,大安區,車位,復興南路二段171-175號(單號),0.3,,1100313,土地:1建物:1車位:1,地下層,,,見使用執照,,,13.67,,,,有,有,,288,0,-,坡道平面1,13.67,288,僅車位交易。,有,,,
買賣,大同區,房地(土地+建物),延平北路二段196-200號(單號),1.03,,1100309,土地:1建物:1車位:,九層,,大樓(11層含以上有電梯),住家用,,,14.18,,,,無,有,,625,44.08,否,,0,0,,有,,,
買賣,文山區,房地(土地+建物),木新路二段21-25號(單號),4.93,,1100205,土地:1建物:1車位:,十二層,,大樓(11層含以上有電梯),住家用,,,19.08,2,2,1,有,有,,1080,56.6,否,,0,0,,有,,,
買賣,北投區,房地(土地+建物),中央北路三段40巷38弄16-20號(雙號),5.2,,1070829,土地:1建物:1車位:,二層,,華廈(10層含以下有電梯),見其他登記事項,,,21.8,2,2,1,有,無,,950,43.58,否,,0,0,預售屋、或土地及建物分次登記案件。管理委員會組織籌備中。,有,,,
預售屋,北投區,房地(土地+建物)+車位,文林段四小段176-180地號,10.58,,1091030,土地:13建物:1車位:2,六層,014,住宅大樓(11層含以上有電梯),住家用,鋼筋混凝土造,,80.64,4,2,3,有,,,4940,74.73,否,坡道平面2,22.43,590,,,34.63,4.12,41.89
買賣,中正區,房地(土地+建物)+車位,福州街16-20號(雙號),1.83,,1100308,土地:1建物:1車位:1,五層,,大樓(11層含以上有電梯),住家用,,,19.29,3,2,2,有,有,,385,19.96,是,坡道機械1,4.12,0,關係人間交易：親友、員工、共有人或其他特殊關係間之交易。,有,,,
買賣,中正區,房地(土地+建物)+車位,林森南路71-75號(單號),7.27,,1100316,土地:2建物:2車位:1,九層,,大樓(11層含以上有電梯),住家用,,,47.2,2,1,2,有,有,,3560,81.86,否,坡道機械1,6.52,230,,有,,,
預售屋,北投區,房地(土地+建物)+車位,文林段四小段176-180地號,8.22,,1091030,土地:13建物:1車位:1,九層,014,住宅大樓(11層含以上有電梯),住家用,鋼筋混凝土造,,56.59,3,2,2,有,,,4109,83.73,否,坡道平面1,11.22,310,,,27.63,2.57,26.38
買賣,信義區,房地(土地+建物),信義路五段126-130號(單號),4.07,,1100226,土地:1建物:1車位:,五層,,大樓(11層含以上有電梯),住家用,,,26.04,2,1,1,有,無,,2535,97.35,否,,0,0,,有,,,
買賣,大安區,車位,敦化南路351巷33弄26-30號(雙號),0.46,,1100305,土地:1建物:1車位:1,地下二層,,,停車空間,,,9.85,,,,有,有,,282,0,-,坡道平面1,9.85,282,僅車位交易。,有,,,
買賣,萬華區,房地(土地+建物)+車位,萬大路423巷36-40號(雙號),12.26,,1100308,土地:4建物:1車位:1,二層,,大樓(11層含以上有電梯),住家用,,,57.26,3,2,2,有,有,,2650,46.28,是,坡道平面1,0,0,建築物含有：其他增建。,有,,,
買賣,松山區,房地(土地+建物),健康路286-290號(雙號),10.29,,1100301,土地:1建物:1車位:,"二層,陽臺",,公寓(5樓含以下無電梯),住家用,,,27.66,3,2,2,有,無,,1800,65.08,否,,0,0,建築物含有：陽台外推、其他增建。,無,,,
買賣,北投區,房地(土地+建物),崗山路5巷11-15號(雙號),8.32,,1100222,土地:2建物:1車位:,五層,,公寓(5樓含以下無電梯),住家用,,,32.5,5,3,3,有,無,,1000,30.77,否,,0,0,建築物含有：頂樓加蓋、陽台外推、其他增建。,無,,,
買賣,中正區,土地,河堤段二小段486-490地號,35.09,,1100316,土地:3建物:0車位:,,,,,,,0,,,,無,無,,625,17.81,-,,0,0,特殊交易標的類型：(包含)公共設施保留地(用地)。,無,,,
買賣,士林區,房地(土地+建物)+車位,中正路451-455號(雙號),5.31,,1100307,土地:1建物:1車位:1,七層,,華廈(10層含以下有電梯),商業用,,,39.85,4,2,3,有,有,,3146,104.88,否,坡道平面1,11.76,200,建築物含有：夾層。,有,,,
買賣,文山區,房地(土地+建物)+車位,三福街71-75號(單號),11.63,,1100228,土地:1建物:1車位:2,"十四層,十五層",,大樓(11層含以上有電梯),住家用,,,107.59,4,2,3,有,有,,4900,54.49,否,坡道平面2,25.93,450,建築物含有：其他增建。,有,,,
買賣,南港區,房地(土地+建物),忠孝東路六段70巷21弄21-25號(雙號),8.13,,1100203,土地:1建物:1車位:,二層,,華廈(10層含以下有電梯),見其他登記事項,,,33.83,2,2,1,有,有,,1900,56.16,否,,0,0,關係人間交易：親友、員工、共有人或其他特殊關係間之交易。,有,,,
買賣,中山區,房地(土地+建物)+車位,長安東路一段16-20號(雙號),1.72,,1100221,土地:1建物:1車位:1,五層,013,大樓(11層含以上有電梯),住家用,鋼筋混凝土造,0961120,19.37,1,1,1,有,有,,1238,63.91,是,塔式車位1,0,0,建築物含有：陽台外推、夾層、其他增建。塔式車位位置：地下三樓。,有,,,
買賣,中山區,房地(土地+建物),民生東路二段127巷11-15號(單號),3.49,,1100223,土地:1建物:1車位:,四層,007,華廈(10層含以下有電梯),住家用,鋼筋混凝土造,0720722,18.62,1,1,1,有,有,,1335,71.7,否,,0,0,建築物含有：陽台外推、其他增建。,有,,,
買賣,中山區,房地(土地+建物),大直街33巷6-10號(單號),9.29,,1100312,土地:1建物:1車位:,三層,005,公寓(5樓含以下無電梯),住家用,鋼筋混凝土造,0721205,35.74,3,2,2,有,無,,2360,66.03,否,,0,0,建築物含有：陽台外推。,無,,,
買賣,內湖區,房地(土地+建物),文德路101巷1弄1-5號(單號),8.23,,1100228,土地:1建物:1車位:,二層,005,公寓(5樓含以下無電梯),住家用,鋼筋混凝土造,0730111,29.85,3,2,1,有,無,,1670,55.95,否,,0,0,,無,,,
買賣,中山區,房地(土地+建物),林森北路286-290號(單號),1.29,,1100316,土地:2建物:1車位:,八層,012,大樓(11層含以上有電梯),住家用,鋼筋混凝土造,0660121,16.42,2,1,1,有,有,,956,58.22,否,,0,0,建築物含有：陽台外推。,有,,,
買賣,內湖區,房地(土地+建物)+車位,康樂街136巷30弄1-5號(單號),8.4,,1100119,土地:2建物:1車位:1,二層,015,大樓(11層含以上有電梯),見其他登記事項,鋼筋混凝土造,1090424,55.81,4,2,2,有,有,,2680,48.02,是,坡道平面1,10.61,0,,有,,,
買賣,內湖區,房地(土地+建物)+車位,港墘路26巷6-10號(單號),12.18,,1100301,土地:1建物:1車位:1,三層,015,大樓(11層含以上有電梯),住家用,鋼筋混凝土造,0840401,58.12,4,2,2,有,有,,3680,63.32,是,坡道平面1,0,0,建築物含有：陽台外推、其他增建。,有,,,
買賣,內湖區,車位,內湖路二段253巷26-30號(雙號),0.8,,1100312,土地:1建物:1車位:1,"地下一層,地下二層,地下三層",011,,商業用,鋼筋混凝土造,0971008,11.33,,,,有,有,,193,0,-,坡道平面1,0,193,僅車位交易。,有,,,
買賣,內湖區,房地(土地+建物)+車位,文湖街21巷94弄21-25號(單號),10.32,,1100130,土地:1建物:1車位:1,五層,007,華廈(10層含以下有電梯),住家用,鋼筋混凝土造,0811228,36.06,2,2,2,有,有,,1896,52.58,是,升降機械1,0,0,建築物含有：其他增建。,有,,,
買賣,內湖區,房地(土地+建物),康樂街136巷30弄6-10號(單號),7.73,,1090612,土地:1建物:1車位:,十一層,015,大樓(11層含以上有電梯),見其他登記事項,鋼筋混凝土造,1090424,41.65,3,2,2,有,有,,2345,56.3,否,,0,0,,有,,,
買賣,文山區,車位,指南路三段76-80號(單號),0,,1100120,土地:0建物:1車位:1,"地下一層,地下二層,地下三層",011,,見其他登記事項,鋼筋混凝土造,1030513,7.59,,,,有,有,,165,0,-,坡道機械1,7.59,165,僅車位交易。,有,,,
買賣,內湖區,房地(土地+建物)+車位,民權東路六段210巷21弄6-10號(單號),2.34,,1100318,土地:1建物:2車位:1,六層,009,華廈(10層含以下有電梯),住家用,鋼筋混凝土造,1081111,22.14,1,1,1,有,有,,1888,85.28,是,塔式車位1,0,0,,有,,,
租賃,內湖區,建物,內湖路一段120巷15弄26-30號(單號),0,,1100224,土地:建物:2車位:,三層,010,廠辦,見其他登記事項,鋼骨鋼筋混凝土造,0990430,142,3,0,0,有,有,有,18,1267.61,否,,0,0,,,,,
租賃,中山區,建物,林森北路85巷76-80號(單號),0,,1100301,土地:建物:1車位:,五層,007,華廈(10層含以下有電梯),住家用,鋼筋混凝土造,0960718,7.37,,,,無,無,有,2,2578.02,否,,0,0,,,,,
租賃,士林區,建物,福國路36-40號(雙號),0,,1100224,土地:建物:1車位:,一層,004,公寓(5樓含以下無電梯),工業用,鋼筋混凝土造,0680502,26.56,0,1,1,有,無,無,7,2484.94,否,,0,0,,,,,
租賃,中山區,建物,松江路362巷41-45號(單號),0,,1100225,土地:建物:車位:,二層,003,套房(1房(1廳)1衛),,加強磚造,,6.11,1,0,1,有,無,有,1,1849.43,否,,0,0,此為分租套房，第二層共分成4間，一間平均面積約為20.19平方公尺。,,,,
租賃,中山區,建物,建國北路三段71-75號(單號),0,,1100224,土地:建物:1車位:,十一層,014,住宅大樓(11層含以上有電梯),住家用,鋼筋混凝土造,1041016,26.65,2,1,1,有,無,有,5,1688.56,否,,0,0,,,,,
租賃,中山區,建物,朱崙街31-35號(單號),0,,1100226,土地:建物:1車位:2,五層,012,住宅大樓(11層含以上有電梯),住家用,鋼骨鋼筋混凝土造,1040121,119.9,4,2,3,有,無,有,15,1251.04,是,坡道平面2,21.01,0,,,,,
租賃,信義區,建物,忠孝東路五段236-240號(雙號),0,,1100226,土地:建物:1車位:,十一層,014,住宅大樓(11層含以上有電梯),住家用,鋼筋混凝土造,0940930,20.2,1,1,1,有,有,有,5,2227.72,否,,0,0,,,,,
租賃,信義區,建物,信義路五段116-120號(單號),0,,1100226,土地:建物:1車位:,五層,019,住宅大樓(11層含以上有電梯),住家用,鋼筋混凝土造,0980702,14.1,,,,無,無,有,3,1985.82,否,,0,0,,,,,
買賣,內湖區,房地(土地+建物)+車位,安康路141-145號(雙號),453.75,,1091210,土地:1建物:8車位:37,地下一層,007,華廈(10層含以下有電梯),工業用,鋼筋混凝土造,0860711,2396.6,,,,無,無,,39500,16.48,是,坡道平面37,0,0,建築物含有：其他增建。,有,,,
租賃,中山區,房地(土地+建物),天祥路1-5號(單號),1.29,,1100301,土地:1建物:1車位:,四層,005,公寓(5樓含以下無電梯),住家用,鋼筋混凝土造,0751201,15.66,4,2,2,有,無,有,4,2745.85,否,,0,0,急出租急承租。,,,,
租賃,中山區,建物,北安路608巷4弄6-10號(單號),0,,1100227,土地:建物:1車位:,一層,004,公寓(5樓含以下無電梯),住家用,鋼筋混凝土造,0601202,19.87,3,2,1,有,無,有,3,1258.18,否,,0,0,含增建或未登記建物。,,,,
租賃,士林區,建物,建業路31-35號(雙號),0,,1100228,土地:建物:1車位:,四層,004,華廈(10層含以下有電梯),住家用,鋼筋混凝土造,1060405,6.72,1,0,1,有,有,有,1,1934.52,否,,0,0,台北市都發局社會住宅包租代管第2期計畫,,,,
租賃,萬華區,建物,漢口街二段74巷6-10號(雙號),0,,1100227,土地:建物:1車位:,四層,004,公寓(5樓含以下無電梯),住家用,加強磚造,,25.77,3,1,1,有,無,有,2,776.1,否,,0,0,台北市都發局社會住宅包租代管第2期計畫,,,,
租賃,信義區,建物,虎林街164巷60弄11-15號(單號),0,,1100223,土地:建物:1車位:,二層,004,公寓(5樓含以下無電梯),住家用,鋼筋混凝土造,,26.69,3,2,1,有,無,有,3,936.68,否,,0,0,,,,,
租賃,中正區,車位,重慶南路一段56-60號(單號),0,,1100301,土地:建物:車位:1,,014,,見使用執照,鋼筋混凝土造,0910723,7.58,,,,有,有,無,0,0,-,坡道機械1,3.79,3000,租金含管理費。,,,,
租賃,北投區,房地(土地+建物),中和街507巷3弄6-10號(雙號),18.06,,1100301,土地:1建物:1車位:,七層,007,華廈(10層含以下有電梯),住家用,鋼筋混凝土造,1050224,21.09,1,1,1,有,有,有,2,900.9,否,,0,0,租金19000元含管理費,,,,
租賃,中山區,建物,林森北路61-65號(單號),0,,1100301,土地:建物:1車位:,六層,014,住宅大樓(11層含以上有電梯),住家用,鋼筋混凝土造,0961106,58.75,3,2,2,有,有,有,6,1015.13,否,,0,0,續租。含管理費、稅金或水電等費用。,,,,
租賃,中山區,建物,南京東路二段106-110號(雙號),0,,1100226,土地:建物:1車位:,五層,018,住宅大樓(11層含以上有電梯),住家用,見其他登記事項,0990917,24.77,1,1,1,有,有,有,5,1836.9,否,,0,0,續租。含管理費、稅金或水電等費用。,,,,
租賃,中山區,建物,松江路316-320號(雙號),0,,1100226,土地:建物:1車位:,十一層,014,辦公商業大樓,見其他登記事項,鋼骨鋼筋混凝土造,0980521,65.05,,,,無,有,無,11,1691.01,否,,0,0,含管理費、稅金或水電等費用。,,,,
租賃,中山區,建物,林森北路581-585號(單號),0,,1100226,土地:建物:1車位:,六層,013,住宅大樓(11層含以上有電梯),住家用,鋼筋混凝土造,1000726,31.87,1,1,1,有,有,有,5,1568.87,否,,0,0,續租。含管理費、稅金或水電等費用。,,,,
買賣,大安區,房地(土地+建物),安和路二段35巷16-20號(雙號),3.2,,1100225,土地:2建物:1車位:,五層,,華廈(10層含以下有電梯),住家用,,,14.28,1,1,1,有,有,,1352,94.68,否,,0,0,建築物含有：陽台外推。,有,,,
買賣,文山區,房地(土地+建物),福興路51-55號(單號),11.09,,1100310,土地:1建物:1車位:,四層,,公寓(5樓含以下無電梯),住家用,,,32.52,4,2,2,有,無,,1314,40.41,否,,0,0,建築物含有：陽臺外推。,無,,,
預售屋,北投區,房地(土地+建物)+車位,文林段四小段176-180地號,10.53,,1091211,土地:13建物:1車位:1,十四層,014,住宅大樓(11層含以上有電梯),住家用,鋼筋混凝土造,,69.42,4,2,3,有,,,5550,89.86,否,坡道平面1,11.22,320,,,34.63,4.12,30.67
買賣,士林區,房地(土地+建物),雙溪街101-105號(雙號),2.04,,1100314,土地:1建物:1車位:,三層,,華廈(10層含以下有電梯),住家用,,,8.48,1,1,1,有,無,,570,67.22,否,,0,0,關係人間交易：親友、員工、共有人或其他特殊關係間之交易。,有,,,
預售屋,北投區,房地(土地+建物)+車位,文林段四小段176-180地號,10.58,,1091111,土地:13建物:1車位:2,十四層,014,住宅大樓(11層含以上有電梯),住家用,鋼筋混凝土造,,80.64,4,2,3,有,,,5995,91.99,否,坡道平面2,22.43,640,,,34.63,4.12,41.89
買賣,松山區,房地(土地+建物),八德路二段381-385號(單號),4.18,,1100228,土地:1建物:1車位:,四層,,大樓(11層含以上有電梯),商業用,,,48.45,5,2,2,有,有,,3230,66.67,否,,0,0,,有,,,
買賣,大安區,房地(土地+建物),忠孝東路四段111-115號(雙號),2.49,,1100108,土地:1建物:1車位:,"七層,陽臺",,大樓(11層含以上有電梯),住家用,,,21.22,2,2,1,有,有,,1908,89.92,否,,0,0,,有,,,
買賣,中正區,房地(土地+建物),中華路二段311巷6-10號(雙號),4.46,,1100331,土地:1建物:1車位:,三層,,公寓(5樓含以下無電梯),住家用,,,10.62,2,1,1,有,無,,600,56.5,否,,0,0,建築物含有：未登記建物。,無,,,
買賣,信義區,房地(土地+建物)+車位,忠孝東路五段236巷45弄6-10號(單號),24.13,,1100308,土地:1建物:1車位:1,四層,,大樓(11層含以上有電梯),住家用,,,77.2,3,2,2,有,有,,6800,88.08,是,坡道平面1,0,0,關係人間交易：親友、員工、共有人或其他特殊關係間之交易。,有,,,
買賣,文山區,房地(土地+建物)+車位,指南路三段81-85號(單號),12.41,,1100304,土地:1建物:1車位:1,二層,,大樓(11層含以上有電梯),住家用,,,65.52,3,1,2,有,有,,2798,47.59,否,坡道平面1,10.93,200,,有,,,
買賣,大安區,房地(土地+建物),仁愛路四段266巷15弄11-15號(雙號),7.05,,1100315,土地:1建物:1車位:,五層,,華廈(10層含以下有電梯),住家用,,,39.42,3,2,2,有,有,,3548,90.01,否,,0,0,建築物含有：陽台外推。,有,,,
買賣,大安區,房地(土地+建物),光復南路72巷7弄1-5號(單號),7.83,,1100302,土地:1建物:1車位:,六層,,華廈(10層含以下有電梯),住家用,,,42.31,4,2,2,有,無,,3170,74.92,否,,0,0,,有,,,
買賣,信義區,房地(土地+建物),永吉路278巷57弄6-10號(雙號),15.35,,1100206,土地:2建物:1車位:,四層,,公寓(5樓含以下無電梯),,,,32.41,3,2,1,有,無,,2060,63.56,否,,0,0,,無,,,
買賣,南港區,房地(土地+建物),研究院路二段34巷1-5號(雙號),4.97,,1100131,土地:1建物:1車位:,三層,,公寓(5樓含以下無電梯),住家用,,,28.79,2,2,1,有,無,,1280,44.46,否,,0,0,建築物含有：陽台外推、其他增建。,無,,,
買賣,信義區,土地,福德段二小段526-530地號,4.58,,1100204,土地:2建物:0車位:,,,,,,,0,,,,無,無,,82,17.9,-,,0,0,特殊交易標的類型：(包含)公共設施保留地(用地)。,無,,,
買賣,松山區,房地(土地+建物)+車位,南京東路四段21-25號(單號),1.97,,1100126,土地:2建物:1車位:1,七層,,大樓(11層含以上有電梯),住家用,,,17.37,2,2,0,有,有,,2080,119.75,是,塔式車位1,0,0,建築物含有：陽台外推。塔式車位地下一層,有,,,
買賣,大安區,房地(土地+建物),四維路170巷36-40號(雙號),2.33,,1100303,土地:1建物:1車位:,六層,,華廈(10層含以下有電梯),住家用,,,12.32,1,1,1,有,有,,1177,95.54,否,,0,0,,有,,,
買賣,大同區,房地(土地+建物),環河北路二段223巷6-10號(雙號),10.36,,1100301,土地:1建物:1車位:,四層,,公寓(5樓含以下無電梯),住家用,,,34.94,4,2,2,有,無,,1360,38.92,否,,0,0,建築物含有：頂樓加蓋、其他增建。,無,,,
買賣,南港區,車位,興南街6-10號(單號),1,,1100306,土地:1建物:1車位:1,"一層,地下一層,地下二層",,,停車空間,,,11.5,,,,有,有,,195,0,-,坡道平面1,11.5,195,僅車位交易。,有,,,
買賣,北投區,房地(土地+建物),裕民四路2巷16-20號(單號),7.26,,1091230,土地:1建物:1車位:,四層,,公寓(5樓含以下無電梯),商業用,,,16.34,3,2,2,有,無,,900,55.08,否,,0,0,關係人間交易：親友、員工、共有人或其他特殊關係間之交易。,無,,,
買賣,大安區,房地(土地+建物),敦化南路一段187巷71-75號(單號),10.35,,1100129,土地:1建物:3車位:,地下層,,公寓(5樓含以下無電梯),商業用,,,105.78,0,4,4,有,無,,7300,69.01,否,,0,0,建築物含有：其他增建、陽台外推。,無,,,
買賣,中正區,房地(土地+建物),廈門街71巷26-30號(雙號),10.71,,1100301,土地:1建物:1車位:,四層,,公寓(5樓含以下無電梯),見其他登記事項,,,39.31,3,2,2,有,無,,2318,58.97,否,,0,0,建築物含有：其他增建。,無,,,
買賣,中正區,房地(土地+建物),愛國東路110巷16-20號(雙號),4.01,,1100116,土地:1建物:1車位:,一層,,大樓(11層含以上有電梯),見其他登記事項,,,22.87,,,,無,無,,2354,102.93,否,,0,0,,無,,,
買賣,文山區,土地,政大段三小段156-160地號,48.25,,1100220,土地:3建物:0車位:,,,,,,,0,,,,無,無,,6755,140,-,,0,0,,無,,,
買賣,萬華區,房地(土地+建物),國興路1巷6-10號(單號),8.18,,1100306,土地:1建物:1車位:,十二層,,大樓(11層含以上有電梯),住家用,,,30.78,3,2,1,有,有,,1365,44.35,否,,0,0,建築物含有：陽台外推。,有,,,
買賣,信義區,房地(土地+建物),忠孝東路五段790巷26-30號(雙號),11.95,,1100209,土地:2建物:1車位:,二層,,公寓(5樓含以下無電梯),住家用,,,41.15,3,2,2,有,無,,2350,57.11,否,,0,0,,無,,,
買賣,松山區,房地(土地+建物),民生東路五段69巷21弄16-20號(雙號),8.91,,1100305,土地:1建物:1車位:,三層,,華廈(10層含以下有電梯),住家用,,,42.89,3,2,2,有,有,,3750,87.43,否,,0,0,,有,,,
買賣,北投區,房地(土地+建物),中央北路三段40巷38弄21-25號(雙號),5.18,,1080325,土地:1建物:1車位:,六層,,華廈(10層含以下有電梯),見其他登記事項,,,26.7,2,2,1,有,無,,1250,46.82,否,,0,0,預售屋、或土地及建物分次登記案件。管理委員會組織籌備中。,有,,,
買賣,北投區,房地(土地+建物),溫泉路71-75號(單號),1.1,,1100302,土地:1建物:1車位:,五層,,華廈(10層含以下有電梯),住家用,,,8.02,1,1,1,有,有,,320,39.9,否,,0,0,建築物含有：陽台外推。,有,,,
買賣,文山區,房地(土地+建物),指南路三段91-95號(單號),7.78,,1100120,土地:1建物:1車位:,十一層,,大樓(11層含以上有電梯),住家用,,,34.24,3,1,2,有,有,,1800,52.57,否,,0,0,,有,,,
買賣,士林區,房地(土地+建物),基河路36-40號(雙號),1.21,,1100325,土地:2建物:1車位:,十層,,大樓(11層含以上有電梯),住家用,,,7.66,1,1,1,有,有,,650,84.86,否,,0,0,,有,,,
買賣,北投區,房地(土地+建物),天母北路76-80號(雙號),12.02,,1100313,土地:1建物:1車位:,六層,,華廈(10層含以下有電梯),住家用,,,38.2,2,2,2,有,有,,2368,61.99,否,,0,0,,有,,,
買賣,文山區,房地(土地+建物),羅斯福路六段406-410號(單號),1.6,,1100301,土地:1建物:1車位:,五層,,大樓(11層含以上有電梯),住家用,,,14.92,1,1,1,有,有,,1110,74.4,否,,0,0,建築物含有：夾層、其他增建。,有,,,
買賣,信義區,房地(土地+建物),松山路540巷3弄6-10號(雙號),6.63,,1100127,土地:1建物:1車位:,"六層,七層",,華廈(10層含以下有電梯),住家用,,,41.6,3,2,2,有,無,,2450,58.89,否,,0,0,建築物含有：其他增建。,有,,,
買賣,大安區,房地(土地+建物),仁愛路四段300巷20弄6-10號(單號),7.57,,1100307,土地:1建物:1車位:,七層,,華廈(10層含以下有電梯),住家用,,,41.78,3,2,2,有,有,,3580,85.69,否,,0,0,建築物含有：其他增建。,有,,,
買賣,大同區,房地(土地+建物),重慶北路三段295巷31-35號(雙號),8.39,,1100106,土地:1建物:1車位:,四層,,公寓(5樓含以下無電梯),住商用,,,24.24,2,1,1,有,無,,840,34.65,否,,0,0,關係人間交易：親友、員工、共有人或其他特殊關係間之交易。公同共有產權處分,無,,,
買賣,大安區,房地(土地+建物),和平東路三段106-110號(雙號),1.29,,1100222,土地:2建物:1車位:,五層,,大樓(11層含以上有電梯),見其他登記事項,,,11.6,1,1,1,有,有,,1200,103.45,否,,0,0,建築物含有：夾層。,有,,,
買賣,士林區,房地(土地+建物),中山北路七段81巷6-10號(雙號),9.55,,1091127,土地:1建物:1車位:,六層,,華廈(10層含以下有電梯),住家用,,,41.79,3,2,2,有,有,,2900,69.39,否,,0,0,關係人間交易：親友、員工、共有人或其他特殊關係間之交易。,有,,,
買賣,文山區,房地(土地+建物),萬隆街56-60號(雙號),6.55,,1100202,土地:1建物:1車位:,六層,,華廈(10層含以下有電梯),住家用,,,33.79,3,2,2,有,有,,1880,55.64,否,,0,0,,有,,,
買賣,士林區,房地(土地+建物)+車位,福壽街41-45號(單號),4.55,,1100228,土地:2建物:1車位:1,三層,,華廈(10層含以下有電梯),住家用,,,26.17,1,1,1,有,有,,1750,74.33,否,升降機械1,4.78,160,,有,,,
預售屋,北投區,房地(土地+建物),文林段四小段176-180地號,8.17,,1091101,土地:13建物:1車位:,十二層,014,住宅大樓(11層含以上有電梯),住家用,鋼筋混凝土造,,45.37,3,2,2,有,,,3980,87.72,否,,0,0,,,27.63,2.57,15.17
買賣,大安區,土地,大安段二小段326-330地號,15.73,,1100204,土地:2建物:0車位:,,,,,,,0,,,,無,無,,437,27.78,-,,0,0,特殊交易標的類型：(包含)公共設施保留地(用地)。,無,,,
買賣,士林區,房地(土地+建物),忠誠路一段51-55號(單號),5.26,,1100226,土地:1建物:1車位:,五層,,華廈(10層含以下有電梯),住家用,,,29.03,2,2,2,有,有,,2120,73.03,否,,0,0,建築物含有：其他增建。,有,,,
買賣,文山區,房地(土地+建物),興隆路三段304巷141-145號(單號),33.48,,1100111,土地:2建物:1車位:,"一層,二層,三層,屋頂突出物,騎樓,地下一層",,透天厝,見其他登記事項,,,106.56,4,2,5,有,有,,4350,40.82,-,,0,0,有獨立使用車庫(位於本主建物地下一層),有,,,
買賣,信義區,土地,永春段三小段536-540地號,0.83,,1100209,土地:1建物:0車位:,,,,,,,0,,,,無,無,,2,2.41,-,,0,0,特殊交易標的類型：(包含)公共設施保留地(用地)。,無,,,
買賣,文山區,土地,政大段四小段441-445地號,3.33,,1100312,土地:2建物:0車位:,,,,,,,0,,,,無,無,,25,7.51,-,,0,0,特殊交易標的類型：(包含)公共設施保留地(用地)。,無,,,
