CASE_T,CASE_F,LOCATION,X,Y,floor,BUITYPE,FDATE,FAREA,TPRICE,UPRICE
租賃,建物,內湖區成功路二段317巷1號,121.590931,25.069988,14,住宅大樓(11層含以上有電梯),1040630,100.57,11,1093.77
租賃,建物,內湖區內湖路三段116號,121.590419,25.086694,5,店面(店鋪),980119,20.82,3,1536.98
買賣,房地(土地+建物),內湖區成功路二段250巷12弄1號,121.589662,25.065891,4,公寓(5樓含以下無電梯),690529,28.24,1236,43.77
買賣,房地(土地+建物),內湖區麗山街328巷11號,121.573684,25.08281,5,公寓(5樓含以下無電梯),730720,34.53,1703,49.32
買賣,房地(土地+建物),內湖區內湖路三段60巷12弄1號,121.592165,25.088143,5,公寓(5樓含以下無電梯),681128,24.87,934,37.56
租賃,建物,士林區天母西路16號,121.527947,25.118331,7,華廈(10層含以下有電梯),651106,49.16,7,1527.88
買賣,房地(土地+建物),中山區龍江路146號,121.540364,25.054404,7,華廈(10層含以下有電梯),711210,21.03,1430,68
租賃,建物,中山區松江路156巷11號,121.531949,25.054445,4,店面(店鋪),610831,19.05,5,2687.66
租賃,建物,中山區民生東路一段26號,121.523758,25.057898,12,住宅大樓(11層含以上有電梯),951012,13.11,3,1906.94
租賃,建物,信義區吳興街341號,121.566025,25.02653,4,店面(店鋪),680801,34.25,5,1459.85
租賃,房地(土地+建物),大安區忠孝東路三段248巷13弄6號,121.542096,25.04035,7,華廈(10層含以下有電梯),710313,35.6,4,1235.96
買賣,房地(土地+建物),中山區新生北路三段61號,121.528054,25.065942,10,華廈(10層含以下有電梯),681224,8.69,428,49.25
買賣,房地(土地+建物)+車位,內湖區成功路五段450巷1號,121.607325,25.074286,14,大樓(11層含以上有電梯),881022,50.7,3416,67.38
買賣,房地(土地+建物),中山區新生北路三段56巷1號,121.527298,25.065387,12,大樓(11層含以上有電梯),700410,11.85,610,51.48
租賃,建物,松山區南京東路五段236號,121.566002,25.051096,18,住宅大樓(11層含以上有電梯),980331,29.64,5,1556.78
買賣,房地(土地+建物),內湖區成功路四段61巷25弄11號,121.592429,25.080396,5,公寓(5樓含以下無電梯),691203,37.11,1800,48.5
租賃,建物,中山區民生東路三段88巷1號,121.543145,25.057299,15,住宅大樓(11層含以上有電梯),750314,33.1,4,1208.46
租賃,建物,北投區中央北路四段515巷36號,121.46935,25.12664,14,住宅大樓(11層含以上有電梯),1021129,31.4,4,1242.04
租賃,房地(土地+建物),北投區崇仁路一段51號,121.501458,25.127105,3,店面(店鋪),590803,26.91,3,1226.31
租賃,建物,中山區林森北路351號,121.525645,25.056923,24,住宅大樓(11層含以上有電梯),1021101,24.61,6,2559.93
租賃,建物,中山區中山北路二段65巷6號,121.523841,25.057034,14,住宅大樓(11層含以上有電梯),901112,20.98,3,1429.93
買賣,房地(土地+建物),中山區新生北路二段66號,121.52721,25.056114,12,大樓(11層含以上有電梯),690721,8.62,485,56.26
租賃,建物,中山區林森北路361號,121.525844,25.0574,18,住宅大樓(11層含以上有電梯),980916,31.43,6,1909
買賣,房地(土地+建物)+車位,內湖區成功路四段176號,121.593112,25.083124,29,大樓(11層含以上有電梯),1070223,93.58,6588,82.51
租賃,建物,中山區長春路258巷26號,121.538976,25.053567,10,華廈(10層含以下有電梯),910816,16.97,3,1591.04
買賣,房地(土地+建物),內湖區康樂街136巷15弄16號,121.618036,25.072258,5,公寓(5樓含以下無電梯),721103,28.86,1090,37.77
買賣,房地(土地+建物),內湖區東湖路113巷96號,121.616674,25.072275,5,公寓(5樓含以下無電梯),770303,34.75,1584,45.58
租賃,建物,中山區新生北路二段68巷6號,121.526669,25.05669,13,住宅大樓(11層含以上有電梯),971229,15.95,3,1880.88
租賃,建物,北投區光明路241號,121.504121,25.136505,19,套房(1房(1廳)1衛),980818,36.91,3,812.79
買賣,房地(土地+建物)+車位,中山區樂群二路296號,121.562392,25.080041,11,大樓(11層含以上有電梯),970603,21.65,1550,71.59
買賣,房地(土地+建物),內湖區金湖路136號,121.598888,25.080116,26,大樓(11層含以上有電梯),1011121,102.58,10443,101.8
租賃,房地(土地+建物),松山區民生東路四段112巷26號,121.554395,25.056356,5,店面(店鋪),710320,46.88,6,1343.86
買賣,房地(土地+建物),內湖區民權東路六段280巷155弄211號,121.609773,25.068511,11,大樓(11層含以上有電梯),860710,13.98,909,65.02
買賣,房地(土地+建物)+車位,中山區農安街6號,121.523267,25.064785,14,大樓(11層含以上有電梯),980622,23.26,1380,59.33
租賃,房地(土地+建物),中正區南海路46號,121.515584,25.03207,7,華廈(10層含以下有電梯),961017,18.48,3,1731.6
租賃,建物,中正區和平西路一段11號,121.521484,25.027055,11,套房(1房(1廳)1衛),,11.76,1,1139.46
買賣,房地(土地+建物),內湖區江南街116巷1號,121.576098,25.07665,5,公寓(5樓含以下無電梯),710428,25.75,550,21.36
租賃,建物,中正區延平南路156號,121.508422,25.038383,4,套房(1房(1廳)1衛),,5.77,1,2079.72
租賃,建物,中正區中華路一段91巷1號,121.507717,25.03796,4,透天厝,,9.92,2,1955.65
買賣,房地(土地+建物)+車位,內湖區文德路210巷30弄86號,121.585561,25.076872,25,大樓(11層含以上有電梯),1091224,56.94,4825,92.87
租賃,建物,大同區重慶北路三段161號,121.513951,25.068787,4,公寓(5樓含以下無電梯),,14.7,2,1360.54
買賣,房地(土地+建物)+車位,北投區文林北路216號,121.514523,25.108035,,大樓(11層含以上有電梯),,82.03,3300,40.23
買賣,房地(土地+建物),松山區八德路二段346號,121.545323,25.047702,,大樓(11層含以上有電梯),,10.2,1100,107.84
買賣,房地(土地+建物)+車位,大同區延平北路一段106號,121.511714,25.052693,,大樓(11層含以上有電梯),,59.56,3800,71.57
買賣,房地(土地+建物),文山區羅斯福路五段97巷1號,121.539455,25.005642,,公寓(5樓含以下無電梯),,30.62,1301,42.49
買賣,房地(土地+建物),北投區磺港路181號,121.503857,25.13021,,公寓(5樓含以下無電梯),,30.62,1165,38.05
買賣,房地(土地+建物),信義區松山路496號,121.57791,25.038509,,華廈(10層含以下有電梯),,37.72,2300,60.98
買賣,房地(土地+建物),信義區永吉路326巷36號,121.57537,25.044354,,公寓(5樓含以下無電梯),,20.6,880,42.72
買賣,房地(土地+建物),士林區中山北路七段14巷65弄1號,121.534709,25.121766,,公寓(5樓含以下無電梯),,31.9,1368,42.88
買賣,房地(土地+建物),文山區福興路95巷26號,121.546163,25.005137,,華廈(10層含以下有電梯),,29.39,1440,49
買賣,房地(土地+建物)+車位,大安區金山南路二段186號,121.526011,25.028303,,大樓(11層含以上有電梯),,53.29,6400,153.48
買賣,房地(土地+建物),萬華區長沙街二段146號,121.501521,25.040541,,大樓(11層含以上有電梯),,28.27,1965,69.51
買賣,房地(土地+建物),北投區光明路201號,121.503452,25.136187,,大樓(11層含以上有電梯),,20.43,1430,70
買賣,房地(土地+建物),文山區木柵路四段33巷1號,121.57105,24.993939,,華廈(10層含以下有電梯),,15.93,925,58.07
買賣,房地(土地+建物)+車位,中正區羅斯福路三段211號,121.528486,25.020671,,大樓(11層含以上有電梯),,36.63,3150,114.59
買賣,房地(土地+建物),信義區和平東路三段386號,121.557914,25.018913,,大樓(11層含以上有電梯),,32.87,2200,66.93
買賣,房地(土地+建物),信義區虎林街70巷36號,121.575723,25.044491,,公寓(5樓含以下無電梯),,30.31,1928,63.61
買賣,房地(土地+建物),文山區景福街3巷21號,121.539661,24.998692,,公寓(5樓含以下無電梯),,32,1600,50
買賣,房地(土地+建物),松山區富錦街572巷1號,121.567291,25.062497,,公寓(5樓含以下無電梯),,31.61,1928,60.99
買賣,房地(土地+建物)+車位,大安區仁愛路三段5巷6號,121.533362,25.039321,,大樓(11層含以上有電梯),,127.68,16200,145.04
買賣,房地(土地+建物)+車位,萬華區西園路一段111號,121.499812,25.038157,,大樓(11層含以上有電梯),,56.66,2426,51.89
買賣,房地(土地+建物)+車位,士林區天玉街103巷1號,121.531364,25.123538,,華廈(10層含以下有電梯),,52.04,2888,55.5
買賣,房地(土地+建物),士林區通河東街一段124巷6弄6號,121.516278,25.086331,,公寓(5樓含以下無電梯),,25.43,1050,41.29
買賣,房地(土地+建物),大安區和平東路三段119巷10弄1號,121.551149,25.024858,,公寓(5樓含以下無電梯),,23.39,1880,80.38
買賣,房地(土地+建物)+車位,萬華區青年路152巷21號,121.50184,25.020613,,大樓(11層含以上有電梯),,26.71,1200,44.93
買賣,房地(土地+建物)+車位,大同區延平北路一段106號,121.511714,25.052693,,大樓(11層含以上有電梯),,81.87,5340,78.42
買賣,房地(土地+建物),士林區葫蘆街23巷6號,121.51004,25.079484,,公寓(5樓含以下無電梯),,17.09,658,38.5
買賣,房地(土地+建物),大安區潮州街136號,121.527863,25.028596,,公寓(5樓含以下無電梯),,50.06,4050,80.9
買賣,房地(土地+建物)+車位,中正區汀州路三段61號,121.528099,25.018103,,大樓(11層含以上有電梯),,43.48,3210,92.68
買賣,房地(土地+建物)+車位,信義區吳興街600巷36號,121.569315,25.020928,,華廈(10層含以下有電梯),,33.53,1650,49.21
買賣,房地(土地+建物)+車位,南港區重陽路461號,121.61051,25.059642,,大樓(11層含以上有電梯),,93.58,7250,77.47
買賣,房地(土地+建物),萬華區環河南路一段71號,121.501915,25.04502,,大樓(11層含以上有電梯),,5.58,268,48.03
買賣,房地(土地+建物),萬華區隆昌街36號,121.505078,25.04119,,公寓(5樓含以下無電梯),,11.35,460,40.53
買賣,房地(土地+建物),士林區後街21巷11號,121.524863,25.098362,,華廈(10層含以下有電梯),,14.49,770,53.14
買賣,房地(土地+建物),大安區建國南路一段331號,121.53821,25.034706,,大樓(11層含以上有電梯),,27.83,2988,107.37
買賣,房地(土地+建物),大安區忠孝東路三段248巷13弄11號,121.542184,25.040773,,公寓(5樓含以下無電梯),,32.05,2380,74.26
買賣,房地(土地+建物),士林區社中街231巷26號,121.507257,25.090613,,公寓(5樓含以下無電梯),,25.65,600,23.39
買賣,房地(土地+建物)+車位,大安區和平東路二段175巷16號,121.541677,25.025653,,華廈(10層含以下有電梯),,22.6,2256,99.82
買賣,房地(土地+建物)+車位,大同區延平北路一段106號,121.511714,25.052693,,大樓(11層含以上有電梯),,59.64,3998,75.43
買賣,房地(土地+建物),大安區羅斯福路三段331號,121.532354,25.016961,,大樓(11層含以上有電梯),,42.62,3436,80.62
買賣,房地(土地+建物)+車位,萬華區環河南路三段131號,121.4913,25.023707,,大樓(11層含以上有電梯),,67.88,3228,51.02
買賣,房地(土地+建物),北投區中山北路七段219巷3弄101號,121.5303,25.127744,,華廈(10層含以下有電梯),,21.92,970,44.25
買賣,房地(土地+建物),信義區忠孝東路五段796號,121.580784,25.04232,,大樓(11層含以上有電梯),,10.78,970,89.98
買賣,房地(土地+建物)+車位,信義區松勤街76號,121.564303,25.031813,,華廈(10層含以下有電梯),,113.49,13858,122.11
買賣,房地(土地+建物),南港區成福路194巷6號,121.58789,25.040737,,華廈(10層含以下有電梯),,17.66,1300,73.61
買賣,房地(土地+建物),士林區德行東路90巷33弄1號,121.52822,25.106104,,公寓(5樓含以下無電梯),,25.57,1580,61.79
買賣,房地(土地+建物),士林區文林路661巷11號,121.521815,25.100483,,華廈(10層含以下有電梯),,18.22,920,50.49
買賣,房地(土地+建物),大安區敦化南路一段161巷71號,121.552589,25.043544,,大樓(11層含以上有電梯),,16.77,2180,129.99
買賣,房地(土地+建物),萬華區和平西路三段52巷21號,121.503401,25.034213,,公寓(5樓含以下無電梯),,17.76,950,53.49
買賣,房地(土地+建物),信義區虎林街30巷12弄6號,121.575554,25.047892,,公寓(5樓含以下無電梯),,21.96,934,42.53
買賣,房地(土地+建物),士林區中山北路六段405巷36號,121.52603,25.115084,,華廈(10層含以下有電梯),,43.11,2720,63.09
買賣,房地(土地+建物),松山區八德路三段12巷16弄6號,121.550327,25.047252,,華廈(10層含以下有電梯),,50.93,4500,88.36
租賃,建物,中山區松江路184巷26弄6號,121.530638,25.056716,9,華廈(10層含以下有電梯),971202,16.9,4,2366.86
租賃,建物,士林區天母東路43巷4弄11號,121.533068,25.118655,6,華廈(10層含以下有電梯),850605,54,6,1111.11
買賣,房地(土地+建物)+車位,中山區民權東路一段46號,121.524045,25.062522,12,大樓(11層含以上有電梯),961002,16.41,1050,75.46
租賃,建物,中山區中山北路二段93巷6號,121.523435,25.059317,12,住宅大樓(11層含以上有電梯),940803,20.71,5,2414.29
租賃,房地(土地+建物),大安區文昌街36號,121.549922,25.032823,5,公寓(5樓含以下無電梯),,36.14,7,1936.91
租賃,建物,內湖區文德路66巷32弄1號,121.58184,25.076522,7,華廈(10層含以下有電梯),730204,38.36,3,903.28
買賣,房地(土地+建物),內湖區星雲街15巷18弄16號,121.59083,25.078866,5,公寓(5樓含以下無電梯),730124,27.64,1398,50.58
買賣,房地(土地+建物),內湖區安泰街56巷1號,121.616713,25.074589,5,公寓(5樓含以下無電梯),690913,31.15,1119,35.92
租賃,建物,中山區中山北路一段53巷6號,121.522009,25.049185,12,住宅大樓(11層含以上有電梯),970104,14.77,3,2301.96
租賃,建物,士林區天母東路43巷4弄11號,121.533068,25.118655,6,華廈(10層含以下有電梯),850605,39.73,6,1510.19
租賃,房地(土地+建物),內湖區麗山街348巷10弄21號,121.574213,25.082269,5,公寓(5樓含以下無電梯),710615,28.87,4,1300.55
租賃,建物,士林區中山北路七段154巷1號,121.532931,25.124153,8,店面(店鋪),670213,61.5,7,1073.17
租賃,建物,中山區新生北路三段56巷16號,121.526717,25.065314,13,住宅大樓(11層含以上有電梯),981021,53.83,7,1318.97
買賣,房地(土地+建物),內湖區內湖路一段203巷6號,121.563732,25.084701,7,華廈(10層含以下有電梯),850805,13.43,1025,76.32
租賃,建物,中山區雙城街19巷6號,121.524643,25.065328,14,住宅大樓(11層含以上有電梯),970312,20.57,5,2187.65
買賣,房地(土地+建物)+車位,內湖區文德路86號,121.58214,25.078267,17,大樓(11層含以上有電梯),981224,92.01,4688,63.11
租賃,建物,信義區永吉路6號,121.567628,25.045566,12,住宅大樓(11層含以上有電梯),961106,38.26,6,1568.22
買賣,房地(土地+建物),內湖區陽光街106號,121.58447,25.075092,5,公寓(5樓含以下無電梯),770125,33.7,1830,54.3
買賣,房地(土地+建物),中山區林森北路656號,121.525634,25.068104,10,華廈(10層含以下有電梯),930423,10.18,640,62.87
租賃,建物,中正區和平西路一段11號,121.521484,25.027055,11,套房(1房(1廳)1衛),,11.76,1,1139.46
租賃,建物,大同區太原路16號,121.514922,25.049723,12,住宅大樓(11層含以上有電梯),1000418,24.88,4,1607.72
租賃,建物,大同區萬全街1號,121.520307,25.058817,15,住宅大樓(11層含以上有電梯),1041016,25.56,6,2425.67
租賃,建物,大同區市民大道一段201號,121.517532,25.04897,18,住宅大樓(11層含以上有電梯),980724,27.95,5,1717.35
買賣,房地(土地+建物),內湖區新明路321巷10弄1號,121.585042,25.056477,5,公寓(5樓含以下無電梯),780829,26.93,1750,64.98
買賣,房地(土地+建物),大安區潮州街146號,121.528611,25.028448,,公寓(5樓含以下無電梯),,11.79,1152,97.71
買賣,房地(土地+建物),松山區南京東路五段31號,121.558232,25.051735,,大樓(11層含以上有電梯),,9.73,830,85.3
買賣,房地(土地+建物),北投區東華街二段121號,121.506443,25.120857,,公寓(5樓含以下無電梯),,34.44,1680,48.78
買賣,房地(土地+建物),中正區金門街16號,121.518334,25.048227,,公寓(5樓含以下無電梯),,41.49,2440,58.81
買賣,房地(土地+建物)+車位,北投區行義路154巷21號,121.529824,25.130665,,華廈(10層含以下有電梯),,48.28,1980,41.01
買賣,房地(土地+建物),信義區永吉路120巷27弄6號,121.570571,25.04462,,華廈(10層含以下有電梯),,14.48,1450,100.14
買賣,房地(土地+建物),士林區天母東路105巷61號,121.534899,25.120895,,公寓(5樓含以下無電梯),,26.59,1408,52.95
買賣,房地(土地+建物),松山區南京東路五段250巷1號,121.565957,25.050653,,華廈(10層含以下有電梯),,51.06,3140,61.5
買賣,房地(土地+建物),松山區光復北路100巷6號,121.55744,25.05045,,公寓(5樓含以下無電梯),,33.72,2276,67.5
買賣,房地(土地+建物),萬華區貴陽街二段186號,121.500452,25.040113,,透天厝,,20.07,1000,49.83
買賣,房地(土地+建物)+車位,中正區水源路106號,121.522825,25.01968,,大樓(11層含以上有電梯),,54.43,2903,57.99
買賣,房地(土地+建物),大安區信義路四段265巷31弄11號,121.555728,25.034289,,華廈(10層含以下有電梯),,15.15,1388,91.62
買賣,房地(土地+建物),大安區和平東路二段76巷19弄1號,121.539824,25.023159,,公寓(5樓含以下無電梯),,27.49,2180,79.3
買賣,房地(土地+建物),萬華區富民路145巷1號,121.500027,25.018339,,公寓(5樓含以下無電梯),,26.51,760,28.67
買賣,房地(土地+建物),松山區南京東路五段41號,121.558671,25.051724,,大樓(11層含以上有電梯),,34.55,2500,72.36
買賣,房地(土地+建物),大安區市民大道四段126號,121.551351,25.044322,,華廈(10層含以下有電梯),,15,1425,95
買賣,房地(土地+建物),大同區承德路三段161號,121.518609,25.0681,,大樓(11層含以上有電梯),,16.64,931,55.95
買賣,房地(土地+建物),士林區德行東路41號,121.526409,25.107106,,公寓(5樓含以下無電梯),,19.22,1260,65.56
買賣,房地(土地+建物)+車位,中正區羅斯福路三段211號,121.529811,25.019715,,大樓(11層含以上有電梯),,39.03,3428,114.69
買賣,房地(土地+建物),士林區天母北路16號,121.52628,25.119595,,華廈(10層含以下有電梯),,51.66,3040,58.85
買賣,房地(土地+建物)+車位,文山區興德路20巷31號,121.556599,25.000713,,大樓(11層含以上有電梯),,27.92,1370,49.07
買賣,房地(土地+建物)+車位,萬華區西園路二段81巷6號,121.49724,25.031541,,大樓(11層含以上有電梯),,40.31,2468,61.23
買賣,房地(土地+建物),信義區吳興街368巷1號,121.566743,25.025141,,華廈(10層含以下有電梯),,17.61,995,56.5
買賣,房地(土地+建物),中正區南昌路二段111號,121.521597,25.026523,,大樓(11層含以上有電梯),,25.71,1786,69.47
買賣,房地(土地+建物)+車位,松山區南京東路五段411號,121.570044,25.051492,,大樓(11層含以上有電梯),,26.64,1730,78.61
買賣,房地(土地+建物),松山區撫遠街395巷31號,121.567432,25.065487,,公寓(5樓含以下無電梯),,24.87,1700,68.36
買賣,房地(土地+建物),中正區羅斯福路三段211號,121.529811,25.019715,,大樓(11層含以上有電梯),,25.52,2638,103.37
買賣,房地(土地+建物),文山區羅斯福路五段218巷38弄11號,121.53708,25.002799,,大樓(11層含以上有電梯),,13.62,858,63
買賣,房地(土地+建物),松山區撫遠街211巷6號,121.568312,25.060298,,華廈(10層含以下有電梯),,37.99,2600,68.44
買賣,房地(土地+建物)+車位,文山區辛亥路四段77巷92弄11號,121.561555,25.008661,,大樓(11層含以上有電梯),,27.82,1050,51.63
買賣,房地(土地+建物)+車位,南港區興中路28巷6號,121.606967,25.055353,,大樓(11層含以上有電梯),,51.04,3458,67.75
買賣,房地(土地+建物),文山區三福街74巷1號,121.544093,24.997747,,公寓(5樓含以下無電梯),,33.63,1788,53.17
買賣,房地(土地+建物),中正區羅斯福路三段211號,121.529811,25.019715,,大樓(11層含以上有電梯),,28.45,2962,104.11
買賣,房地(土地+建物)+車位,大同區延平北路四段294巷11號,121.510535,25.077451,,大樓(11層含以上有電梯),,27,1475,54.63
買賣,房地(土地+建物),萬華區漢中街21號,121.5078,25.045238,,華廈(10層含以下有電梯),,8.89,535,60.18
買賣,房地(土地+建物)+車位,松山區民生東路三段111號,121.569739,25.045832,,大樓(11層含以上有電梯),,89.05,6168,69.26
買賣,房地(土地+建物),大安區文昌街246號,121.555612,25.032239,,公寓(5樓含以下無電梯),,23.43,1630,69.57
買賣,房地(土地+建物),文山區羅斯福路五段226號,121.538774,25.001909,,華廈(10層含以下有電梯),,28.96,2000,69.06
買賣,房地(土地+建物),北投區光明路196號,121.503547,25.135825,,大樓(11層含以上有電梯),,7.48,462,61.76
買賣,房地(土地+建物),士林區承德路四段6巷1號,121.521326,25.079183,,公寓(5樓含以下無電梯),,38.96,1900,48.77
買賣,房地(土地+建物),大安區泰順街26巷1號,121.530024,25.024951,,公寓(5樓含以下無電梯),,38.81,2628,67.71
租賃,建物,中山區農安街6號,121.523267,25.064785,13,住宅大樓(11層含以上有電梯),961212,17.53,3,1540.22
租賃,建物,中山區北安路458巷47弄6號,121.545277,25.07815,7,店面(店鋪),720203,70.35,7,923.95
租賃,建物,內湖區安泰街51巷6號,121.617413,25.074466,5,公寓(5樓含以下無電梯),730706,24.66,2,892.13
買賣,房地(土地+建物)+車位,內湖區民權東路六段411號,121.60348,25.070485,11,大樓(11層含以上有電梯),890915,56,3220,57.5
買賣,房地(土地+建物)+車位,中山區中山北路二段126號,121.522679,25.061415,13,大樓(11層含以上有電梯),1090721,46.13,5056,119.3
買賣,房地(土地+建物),中山區新生北路三段41號,121.528036,25.065322,11,大樓(11層含以上有電梯),670301,15.65,968,61.85
租賃,建物,北投區裕民二路76號,121.516178,25.114446,19,住宅大樓(11層含以上有電梯),1021108,32.95,7,1972.69
租賃,建物,大安區仁愛路四段376號,121.555758,25.037406,19,住宅大樓(11層含以上有電梯),751001,82.62,9,1089.32
買賣,房地(土地+建物),中山區中山北路一段83巷11號,121.523933,25.050094,5,華廈(10層含以下有電梯),740129,37.47,2398,64
買賣,房地(土地+建物),中山區民權東路一段56號,121.524621,25.062522,12,大樓(11層含以上有電梯),1090120,14.42,1350,93.62
租賃,建物,中山區中山北路二段42巷16號,121.52184,25.054592,8,華廈(10層含以下有電梯),1081224,11.18,3,2236.14
租賃,建物,信義區松山路225巷4弄21號,121.578373,25.04446,2,透天厝,680618,23.67,3,1056.19
租賃,建物,松山區三民路43巷16號,121.560546,25.056246,12,住宅大樓(11層含以上有電梯),931020,74.05,7,918.3
買賣,房地(土地+建物)+車位,內湖區民權東路六段123巷20弄11號,121.592157,25.069769,13,大樓(11層含以上有電梯),941025,39.1,2150,67.98
買賣,房地(土地+建物),中山區天祥路76號,121.520553,25.06387,14,大樓(11層含以上有電梯),931203,12.15,1050,86.42
租賃,建物,大同區鄭州路86號,121.508718,25.050212,12,辦公商業大樓,930915,66.31,12,1775
租賃,建物,大安區樂利路91號,121.552244,25.025601,7,華廈(10層含以下有電梯),720704,30,4,1250
買賣,房地(土地+建物),中山區林森北路107巷26號,121.525864,25.05002,7,華廈(10層含以下有電梯),1050219,16.65,1060,63.66
租賃,建物,中山區新生北路二段62巷11號,121.526587,25.056225,16,住宅大樓(11層含以上有電梯),1000824,63.05,8,1268.83
租賃,建物,中山區林森北路586號,121.52554,25.065325,13,住宅大樓(11層含以上有電梯),1000726,26.92,5,1968.8
租賃,建物,士林區中山北路六段41號,121.52457,25.103656,13,住宅大樓(11層含以上有電梯),1010522,50.74,8,1645.64
租賃,建物,士林區中山北路六段157巷11號,121.524117,25.106847,15,住宅大樓(11層含以上有電梯),971002,35.84,6,1696.43
租賃,建物,士林區中山北路六段157巷11號,121.524117,25.106847,15,住宅大樓(11層含以上有電梯),971002,35.89,7,1811.09
租賃,建物,士林區天母東路43巷4弄11號,121.533068,25.118655,6,華廈(10層含以下有電梯),850605,39.73,6,1510.19
買賣,房地(土地+建物),中山區民族東路252巷21號,121.535473,25.067343,5,公寓(5樓含以下無電梯),760521,24.1,1446,60
租賃,建物,中山區建國北路二段6號,121.536439,25.052754,14,套房(1房(1廳)1衛),950713,18.15,4,2203.86
買賣,房地(土地+建物)+車位,內湖區瑞光路513巷31號,121.570162,25.079805,10,華廈(10層含以下有電梯),870917,94.28,4540,48.15
買賣,房地(土地+建物),內湖區康樂街85巷41號,121.620064,25.069624,5,公寓(5樓含以下無電梯),731114,28.6,1000,34.97
買賣,房地(土地+建物)+車位,內湖區民權東路六段146號,121.589517,25.068816,14,大樓(11層含以上有電梯),980106,36.56,1728,47.26
買賣,房地(土地+建物)+車位,內湖區文德路210巷30弄86號,121.585561,25.076872,25,大樓(11層含以上有電梯),1091224,56.94,4450,85
租賃,建物,中山區松江路69巷6號,121.533651,25.049288,7,華廈(10層含以下有電梯),681212,52.37,4,763.8
租賃,建物,中山區德惠街16號,121.524027,25.066628,13,住宅大樓(11層含以上有電梯),1041221,27.44,7,2431.01
買賣,房地(土地+建物),中山區民權東路二段26號,121.528863,25.062408,12,大樓(11層含以上有電梯),730406,18.93,1136,60.01
買賣,房地(土地+建物)+車位,內湖區成功路二段471號,121.590196,25.074293,12,大樓(11層含以上有電梯),870911,52.04,2480,47.66
買賣,房地(土地+建物),中山區林森北路85巷41號,121.526306,25.049585,3,透天厝,,63.43,4100,64.64
租賃,建物,萬華區萬大路187巷3弄31號,121.501673,25.028839,5,套房(1房(1廳)1衛),640508,9.43,1,848.36
租賃,建物,大同區承德路三段66號,121.51812,25.065576,14,住宅大樓(11層含以上有電梯),1070723,28.55,6,2171.63
租賃,建物,大同區南京西路276號,121.514837,25.053484,13,住宅大樓(11層含以上有電梯),891118,67.12,8,1117.4
租賃,建物,大同區市民大道一段206號,121.518817,25.048196,18,住宅大樓(11層含以上有電梯),980724,14.28,3,1890.76
買賣,房地(土地+建物)+車位,內湖區文德路210巷30弄81號,121.584065,25.076516,25,大樓(11層含以上有電梯),1091224,39.07,3320,97.84
買賣,房地(土地+建物),大安區信義路二段10巷11弄1號,121.524732,25.03411,,公寓(5樓含以下無電梯),,20.56,2030,98.74
買賣,房地(土地+建物),大同區蘭州街6巷1號,121.514033,25.062099,,華廈(10層含以下有電梯),,33.15,750,22.62
買賣,房地(土地+建物),士林區延平北路六段116巷61號,121.508425,25.090738,,透天厝,,3.15,476,151.11
買賣,房地(土地+建物),萬華區西寧南路101號,121.506752,25.045234,,大樓(11層含以上有電梯),,16.27,1005,61.77
買賣,房地(土地+建物),中正區重慶南路三段16巷1號,121.515236,25.02901,,公寓(5樓含以下無電梯),,22.01,1300,59.06
買賣,房地(土地+建物),士林區士東路54巷36號,121.528127,25.111166,,公寓(5樓含以下無電梯),,35.4,1893,53.47
買賣,房地(土地+建物),文山區福興路78巷20弄41號,121.551514,25.004916,,公寓(5樓含以下無電梯),,28.12,1080,38.41
買賣,房地(土地+建物)+車位,士林區中山北路七段81巷6號,121.530631,25.121873,,大樓(11層含以上有電梯),,144.98,9250,63.8
買賣,房地(土地+建物)+車位,大同區延平北路一段106號,121.511714,25.052693,,大樓(11層含以上有電梯),,81.33,5452,78.97
買賣,房地(土地+建物),北投區致遠一路二段51號,121.513608,25.111999,,公寓(5樓含以下無電梯),,23.87,1336,55.97
買賣,房地(土地+建物),信義區永吉路200巷61弄1號,121.572706,25.043786,,華廈(10層含以下有電梯),,15.36,1260,82.03
買賣,房地(土地+建物),松山區塔悠路86號,121.56958,25.054658,,大樓(11層含以上有電梯),,23.76,1440,60.61
買賣,房地(土地+建物)+車位,南港區玉成街86號,121.58277,25.04623,,大樓(11層含以上有電梯),,89.21,6000,84.93
買賣,房地(土地+建物),北投區知行路225巷21號,121.465985,25.12012,,公寓(5樓含以下無電梯),,27.56,895,32.47
買賣,房地(土地+建物)+車位,大同區延平北路一段106號,121.511714,25.052693,,大樓(11層含以上有電梯),,84.52,5528,77.11
買賣,房地(土地+建物)+車位,萬華區桂林路106號,121.500001,25.038357,,大樓(11層含以上有電梯),,30.21,1800,64.64
買賣,房地(土地+建物)+車位,大同區民生西路171巷1號,121.517239,25.05742,,大樓(11層含以上有電梯),,52.2,3488,66.82
買賣,房地(土地+建物),大同區南京西路61號,121.519132,25.053082,,大樓(11層含以上有電梯),,13.2,1000,75.76
買賣,房地(土地+建物),文山區景文街86號,121.541032,24.990514,,大樓(11層含以上有電梯),,30.73,1836,59.75
買賣,房地(土地+建物),北投區公館路301號,121.537284,25.00513,,華廈(10層含以下有電梯),,21.46,600,27.96
買賣,房地(土地+建物),大同區酒泉街136號,121.512546,25.071992,,公寓(5樓含以下無電梯),,44.92,1850,41.18
買賣,房地(土地+建物)+車位,北投區北投路一段76號,121.5012,25.123567,,大樓(11層含以上有電梯),,39.01,2218,56.86
買賣,房地(土地+建物),松山區光復南路33巷20弄1號,121.559089,25.046614,,公寓(5樓含以下無電梯),,20.54,1160,56.48
買賣,房地(土地+建物),南港區研究院路二段12巷57弄6號,121.613559,25.047734,,公寓(5樓含以下無電梯),,25.56,1226,47.97
買賣,房地(土地+建物),士林區中山北路七段14巷61弄1號,121.534353,25.121282,,公寓(5樓含以下無電梯),,31.81,1306,41.06
買賣,房地(土地+建物)+車位,中正區延平南路151號,121.507816,25.035558,,大樓(11層含以上有電梯),,79.92,6688,93.79
買賣,房地(土地+建物)+車位,大同區延平北路一段106號,121.511714,25.052693,,大樓(11層含以上有電梯),,72.6,4518,77
買賣,房地(土地+建物),士林區社中街152巷31號,121.510638,25.090886,,公寓(5樓含以下無電梯),,22.38,1080,48.26
買賣,房地(土地+建物),北投區公館路257巷11號,121.537284,25.00513,,公寓(5樓含以下無電梯),,49.62,2000,40.31
買賣,房地(土地+建物),信義區基隆路一段131號,121.566559,25.04425,,大樓(11層含以上有電梯),,8.24,1060,128.64
買賣,房地(土地+建物),信義區吳興街118巷16弄1號,121.56067,25.029805,,華廈(10層含以下有電梯),,30.82,2100,68.14
買賣,房地(土地+建物),文山區景興路114巷1號,121.5443,24.99369,,公寓(5樓含以下無電梯),,32.05,1560,48.67
買賣,房地(土地+建物),士林區和豐街41號,121.517675,25.08256,,公寓(5樓含以下無電梯),,32.26,1360,42.16
買賣,房地(土地+建物),北投區同德街41號,121.528572,25.124258,,公寓(5樓含以下無電梯),,31.62,1360,43.01
買賣,房地(土地+建物),松山區光復北路177巷16號,121.556206,25.057834,,公寓(5樓含以下無電梯),,51.78,4500,86.91
買賣,房地(土地+建物),松山區八德路四段72巷16弄11號,121.559793,25.046344,,華廈(10層含以下有電梯),,13.7,900,65.69
買賣,房地(土地+建物),文山區汀州路四段140巷2弄6號,121.535635,25.005386,,公寓(5樓含以下無電梯),,19.71,1120,56.82
買賣,房地(土地+建物)+車位,信義區松德路156號,121.573691,25.036375,,大樓(11層含以上有電梯),,74.15,5050,68.11
買賣,房地(土地+建物),南港區忠孝東路六段126號,121.585168,25.047815,,大樓(11層含以上有電梯),,10.06,940,93.44
買賣,房地(土地+建物),士林區忠誠路二段154巷6號,121.532511,25.115241,,公寓(5樓含以下無電梯),,33.21,1600,48.18
買賣,房地(土地+建物),大安區安和路二段201號,121.550445,25.026591,,大樓(11層含以上有電梯),,46.58,5000,107.34
買賣,房地(土地+建物)+車位,內湖區民權東路六段190巷117弄36號,121.594504,25.067554,5,華廈(10層含以下有電梯),980604,28.75,1598,55.58
買賣,房地(土地+建物)+車位,內湖區成功路四段167巷1號,121.594494,25.083359,17,大樓(11層含以上有電梯),940627,70.19,5100,83.94
買賣,房地(土地+建物),中山區北安路608巷4弄6號,121.549307,25.081415,5,華廈(10層含以下有電梯),850216,13.56,1088,80.24
租賃,建物,中山區南京東路二段106號,121.532065,25.051857,18,住宅大樓(11層含以上有電梯),990917,13.68,3,2412.28
買賣,房地(土地+建物),中山區新生北路二段62巷36號,121.526096,25.056142,9,華廈(10層含以下有電梯),800225,18.35,1200,65.4
租賃,建物,中山區德惠街6號,121.523326,25.066624,12,住宅大樓(11層含以上有電梯),1091211,30.58,6,1965.66
租賃,建物,信義區信義路五段116號,121.568527,25.032578,19,住宅大樓(11層含以上有電梯),980702,35.7,7,1904.76
租賃,建物,士林區芝玉路二段52巷6號,121.535197,25.111637,5,公寓(5樓含以下無電梯),750612,34.19,3,965.19
買賣,房地(土地+建物),中山區中山北路二段59巷41號,121.524908,25.055955,16,大樓(11層含以上有電梯),880928,19.98,1235,61.81
租賃,建物,北投區明德路26號,121.517835,25.107196,15,住宅大樓(11層含以上有電梯),1050425,74.16,8,1024.81
租賃,建物,大安區敦化南路一段190巷36號,121.5471,25.042555,7,華廈(10層含以下有電梯),720929,61.67,9,1498.3
租賃,建物,中山區錦州街23巷1號,121.525221,25.060573,14,住宅大樓(11層含以上有電梯),1041204,27.29,4,1924.2
買賣,房地(土地+建物),中山區北安路826號,121.557305,25.08424,14,大樓(11層含以上有電梯),991224,14.19,1280,90.2
買賣,房地(土地+建物)+車位,內湖區文湖街81巷11號,121.563928,25.086886,9,華廈(10層含以下有電梯),840307,56.56,3350,68.83
租賃,建物,中山區雙城街25巷1號,121.52443,25.066275,13,住宅大樓(11層含以上有電梯),1041221,41.33,8,1838.86
買賣,房地(土地+建物),內湖區陽光街92巷18弄1號,121.585323,25.0758,5,公寓(5樓含以下無電梯),711224,21.24,1131,53.25
買賣,房地(土地+建物),中山區錦州街46號,121.525783,25.060174,13,大樓(11層含以上有電梯),730927,12.09,500,41.36
買賣,房地(土地+建物)+車位,內湖區內湖路三段236號,121.588399,25.088585,14,大樓(11層含以上有電梯),1020731,35.42,1815,51.24
買賣,房地(土地+建物)+車位,內湖區文湖街36號,121.561755,25.086507,15,大樓(11層含以上有電梯),991230,107.23,7580,77.92
租賃,建物,南港區經貿二路235巷21號,121.616007,25.061166,21,住宅大樓(11層含以上有電梯),1031204,103.97,13,1250.36
租賃,建物,中正區杭州南路一段18巷6號,121.524874,25.038789,4,公寓(5樓含以下無電梯),,33.99,4,1235.66
買賣,房地(土地+建物)+車位,中山區民權東路二段6號,121.528114,25.062424,12,大樓(11層含以上有電梯),681022,39.68,2226,56.1
租賃,建物,文山區景華街66號,121.544977,24.995087,4,公寓(5樓含以下無電梯),640305,30.79,3,844.43
租賃,建物,大同區太原路16號,121.514922,25.049723,12,住宅大樓(11層含以上有電梯),1000418,27.8,5,1870.5
租賃,建物,中正區忠孝東路二段31號,121.527893,25.043883,5,套房(1房(1廳)1衛),620910,6.2,1,1322.58
買賣,房地(土地+建物)+車位,內湖區民權東路六段210巷21弄6號,121.598045,25.066628,9,華廈(10層含以下有電梯),1081111,20.03,1548,77.28
買賣,建物,萬華區成都路66號,121.505294,25.042831,,大樓(11層含以上有電梯),,19.9,600,30.15
買賣,房地(土地+建物)+車位,南港區松河街776號,121.611874,25.06154,,華廈(10層含以下有電梯),,73.15,4000,54.68
買賣,房地(土地+建物),士林區至誠路一段16號,121.537013,25.101278,,公寓(5樓含以下無電梯),,42.53,1780,41.85
買賣,房地(土地+建物),信義區吳興街220巷73弄1號,121.560816,25.026235,,公寓(5樓含以下無電梯),,32.5,2150,66.15
買賣,房地(土地+建物),信義區忠孝東路五段423巷5弄11號,121.574862,25.041716,,公寓(5樓含以下無電梯),,36.99,3000,81.1
買賣,房地(土地+建物)+車位,文山區興隆路三段192巷2弄26號,121.558508,24.99791,,華廈(10層含以下有電梯),,26.47,1135,68.66
買賣,房地(土地+建物),南港區研究院路二段182巷107弄31號,121.612354,25.036501,,透天厝,,30.53,1900,62.23
買賣,房地(土地+建物),大安區仁愛路四段311號,121.552283,25.03817,,大樓(11層含以上有電梯),,25.49,2500,98.08
買賣,房地(土地+建物),北投區中央南路二段11號,121.500551,25.125983,,大樓(11層含以上有電梯),,15.89,790,49.72
買賣,房地(土地+建物),大同區承德路二段191號,121.518422,25.059258,,大樓(11層含以上有電梯),,10.79,800,74.14
買賣,房地(土地+建物)+車位,信義區吳興街284巷59弄6號,121.563427,25.021979,,大樓(11層含以上有電梯),,92.47,6108,70.61
買賣,房地(土地+建物)+車位,文山區政大二街221號,121.586637,24.988786,,華廈(10層含以下有電梯),,75.94,3070,42.9
買賣,房地(土地+建物),中正區信義路二段17巷2弄6號,121.525298,25.035701,,公寓(5樓含以下無電梯),,12.92,1170,90.56
買賣,房地(土地+建物),大安區光復南路308巷41號,121.555931,25.038834,,華廈(10層含以下有電梯),,33.21,3150,94.85
買賣,房地(土地+建物)+車位,大同區延平北路一段106號,121.511714,25.052693,,大樓(11層含以上有電梯),,59.64,4000,75.57
買賣,房地(土地+建物),中正區寧波東街9巷6號,121.519694,25.032622,,華廈(10層含以下有電梯),,7.82,900,115.09
買賣,房地(土地+建物),南港區經貿二路241號,121.614489,25.06114,,大樓(11層含以上有電梯),,28.91,2050,70.91
買賣,房地(土地+建物),大安區敦化南路一段187巷36號,121.551147,25.042459,,華廈(10層含以下有電梯),,12.56,1170,93.15
買賣,房地(土地+建物)+車位,士林區延平北路五段46號,121.511034,25.080124,,大樓(11層含以上有電梯),,37.25,2068,55.52
買賣,房地(土地+建物)+車位,中正區羅斯福路三段211號,121.529811,25.019715,,大樓(11層含以上有電梯),,39.03,3300,110.12
買賣,房地(土地+建物),大同區西寧北路61號,121.508944,25.054573,,華廈(10層含以下有電梯),,104.6,5021,48
買賣,房地(土地+建物),中正區羅斯福路三段211號,121.529811,25.019715,,大樓(11層含以上有電梯),,25.57,2800,109.5
買賣,房地(土地+建物),大安區新生南路一段97巷41號,121.536683,25.041349,,華廈(10層含以下有電梯),,62.21,4768,76.64
買賣,房地(土地+建物)+車位,大同區延平北路一段106號,121.511714,25.052693,,大樓(11層含以上有電梯),,62.47,4050,72.17
買賣,房地(土地+建物),大安區浦城街6巷21號,121.525679,25.024158,,華廈(10層含以下有電梯),,13.73,1413,102.91
買賣,房地(土地+建物),大安區樂利路51號,121.551845,25.026547,,華廈(10層含以下有電梯),,36.89,2800,75.9
買賣,房地(土地+建物)+車位,大同區民權西路236號,121.512935,25.062784,,大樓(11層含以上有電梯),,66.49,4652,78.99
買賣,房地(土地+建物)+車位,大安區羅斯福路三段283巷14弄11號,121.532422,25.01847,,華廈(10層含以下有電梯),,52.8,4050,76.7
買賣,房地(土地+建物),南港區福德街310巷6號,121.58757,25.039611,,公寓(5樓含以下無電梯),,20.89,1358,65.01
買賣,房地(土地+建物),松山區復興北路1號,121.544158,25.047968,,大樓(11層含以上有電梯),,91.64,4500,49.11
買賣,房地(土地+建物),萬華區西園路二段52巷14弄1號,121.496345,25.031464,,公寓(5樓含以下無電梯),,17.11,782,45.7
買賣,房地(土地+建物),士林區天母北路4巷1號,121.525863,25.118988,,公寓(5樓含以下無電梯),,33.22,1900,57.19
買賣,房地(土地+建物),中正區羅斯福路三段211號,121.529811,25.019715,,大樓(11層含以上有電梯),,28.45,3166,111.28
買賣,房地(土地+建物),南港區南港路三段314巷6號,121.581427,25.051912,,公寓(5樓含以下無電梯),,29.03,1400,48.23
買賣,房地(土地+建物),中正區濟南路二段31號,121.528853,25.041008,,大樓(11層含以上有電梯),,36.67,2688,73.3
買賣,房地(土地+建物),士林區福華路147巷26號,121.521174,25.103175,,公寓(5樓含以下無電梯),,23.43,1400,59.75
買賣,房地(土地+建物),大同區南京西路56號,121.519291,25.052738,,大樓(11層含以上有電梯),,18.65,1370,73.46
買賣,房地(土地+建物),文山區辛亥路四段209巷21號,121.558531,25.006268,,大樓(11層含以上有電梯),,26.95,1773,65.79
買賣,房地(土地+建物),信義區忠孝東路五段372巷29弄31號,121.574704,25.039173,,華廈(10層含以下有電梯),,27.65,2450,88.61
買賣,房地(土地+建物)+車位,北投區裕民六路121號,121.517501,25.115099,,大樓(11層含以上有電梯),,78.81,5410,68.65
買賣,房地(土地+建物)+車位,文山區辛亥路七段84巷1號,121.55416,24.981565,,華廈(10層含以下有電梯),,33.45,1620,48.43
買賣,房地(土地+建物),萬華區國興路11號,121.505816,25.026643,,大樓(11層含以上有電梯),,45.56,2388,52.41
買賣,房地(土地+建物)+車位,大安區市民大道三段181號,121.542535,25.044917,,大樓(11層含以上有電梯),,97.31,9019,92.68
買賣,房地(土地+建物)+車位,大同區重慶北路二段121號,121.513868,25.057713,,大樓(11層含以上有電梯),,37.99,2857,82
買賣,房地(土地+建物),士林區美崙街86巷1號,121.52122,25.096945,,透天厝,,45.59,6680,146.52
買賣,房地(土地+建物),北投區石牌路二段348巷21號,121.524957,25.122309,,華廈(10層含以下有電梯),,11.1,480,43.24
買賣,房地(土地+建物),大安區信義路四段265巷16號,121.554232,25.03393,,大樓(11層含以上有電梯),,15.68,1690,107.78
買賣,房地(土地+建物),士林區德行東路81巷11號,121.527396,25.107996,,公寓(5樓含以下無電梯),,34.8,1916,55.06
買賣,房地(土地+建物),北投區公館路63巷9弄11號,121.538131,25.005064,,透天厝,,34.56,2100,60.76
買賣,房地(土地+建物),大安區大安路一段246號,121.545878,25.033657,,華廈(10層含以下有電梯),,38.2,3585,93.85
買賣,房地(土地+建物),大安區忠孝東路三段276巷6號,121.542373,25.041013,,公寓(5樓含以下無電梯),,37.29,2850,76.43
買賣,房地(土地+建物),士林區中山北路七段56號,121.531655,25.120633,,華廈(10層含以下有電梯),,37.96,2180,57.43
買賣,房地(土地+建物),文山區萬美街二段2巷1號,121.562593,25.003391,,大樓(11層含以上有電梯),,24.85,1168,47
買賣,房地(土地+建物)+車位,大同區敦煌路88巷6號,121.517035,25.075565,,大樓(11層含以上有電梯),,49.06,2800,71.33
買賣,房地(土地+建物)+車位,北投區光明路201號,121.503452,25.136187,,大樓(11層含以上有電梯),,34.36,1660,68.15
買賣,房地(土地+建物),北投區新興路64巷6號,121.4882,25.141439,,公寓(5樓含以下無電梯),,30.53,930,30.46
租賃,建物,中山區中山北路一段135巷21號,121.523827,25.051466,3,透天厝,,81.45,7,834.87
買賣,房地(土地+建物)+車位,內湖區金莊路96號,121.587442,25.063862,11,大樓(11層含以上有電梯),1010104,56.17,2780,49.49
買賣,房地(土地+建物)+車位,內湖區行善路286號,121.584436,25.062698,14,大樓(11層含以上有電梯),1021227,90.75,5850,68.12
買賣,房地(土地+建物),中山區敬業二路69巷56號,121.55287,25.08222,10,華廈(10層含以下有電梯),961218,8,688,86
租賃,建物,中山區民權東路一段46號,121.524045,25.062522,12,住宅大樓(11層含以上有電梯),961002,14.67,2,1567.83
租賃,建物,中山區新生北路一段62巷16號,121.530642,25.046348,3,店面(店鋪),581120,21.96,5,2276.87
租賃,建物,大安區復興南路二段90巷11號,121.543093,25.030321,12,套房(1房(1廳)1衛),970125,14.08,3,2130.68
買賣,房地(土地+建物),中山區松江路96號,121.532773,25.050015,6,華廈(10層含以下有電梯),620612,19.05,1392,73.07
租賃,建物,內湖區康寧路一段164巷2弄1號,121.594236,25.078738,2,透天厝,,34.14,2,585.82
租賃,建物,內湖區內湖路一段621號,121.574212,25.080584,5,店面(店鋪),701015,58.89,7,1120.73
租賃,建物,信義區松勤街6號,121.559776,25.032045,19,住宅大樓(11層含以上有電梯),961225,14.52,4,2410.47
租賃,建物,士林區社子街126巷6號,121.50478,25.088013,3,公寓(5樓含以下無電梯),610209,19.57,2,919.78
租賃,房地(土地+建物),大安區通化街143巷26號,121.554694,25.028654,7,華廈(10層含以下有電梯),711029,80.62,8,992.31
租賃,建物,士林區承德路四段1巷11號,121.521805,25.078438,4,公寓(5樓含以下無電梯),580802,21.19,2,873.05
租賃,建物,北投區崇仰九路16號,121.514086,25.130189,2,透天厝,560308,75,16,2066.67
租賃,建物,信義區信義路六段76巷2弄36號,121.575916,25.033702,5,公寓(5樓含以下無電梯),760821,34.72,4,1065.67
租賃,建物,士林區忠義街76號,121.531717,25.106141,5,店面(店鋪),750218,28.54,5,1751.93
租賃,建物,士林區德行東路296號,121.536345,25.110023,5,店面(店鋪),690626,37.97,4,1145.64
租賃,建物,中山區中山北路二段115巷26號,121.524617,25.060762,7,華廈(10層含以下有電梯),991110,20.13,4,1738.7
買賣,房地(土地+建物)+車位,內湖區文德路210巷30弄81號,121.584065,25.076516,25,大樓(11層含以上有電梯),1091224,38.5,2786,80.98
租賃,建物,中山區建國北路二段6號,121.536439,25.052754,14,住宅大樓(11層含以上有電梯),950713,18.56,4,1965.19
租賃,建物,中山區建國北路一段33巷41號,121.539698,25.047854,6,華廈(10層含以下有電梯),701230,34.51,3,927.27
買賣,房地(土地+建物),中山區龍江路209巷21號,121.541394,25.056574,4,公寓(5樓含以下無電梯),591009,31.36,1750,55.8
租賃,建物,信義區信義路五段116號,121.568527,25.032578,19,住宅大樓(11層含以上有電梯),980702,29.28,6,1878.42
租賃,建物,中正區紹興北街31巷1號,121.525598,25.045179,8,華廈(10層含以下有電梯),760114,43.8,6,1298.84
買賣,房地(土地+建物),內湖區康寧路三段189巷11號,121.61248,25.070318,5,公寓(5樓含以下無電梯),770126,57.39,1850,32.24
買賣,房地(土地+建物)+車位,中山區松江路77巷1號,121.534098,25.0498,11,大樓(11層含以上有電梯),931224,17.29,1050,60.73
買賣,房地(土地+建物)+車位,內湖區民權東路六段210巷21弄6號,121.598045,25.066628,9,華廈(10層含以下有電梯),1081111,17.9,1426,79.66
租賃,建物,大同區市民大道一段206號,121.518817,25.048196,18,套房(1房(1廳)1衛),980724,13.04,3,1917.18
買賣,房地(土地+建物)+車位,內湖區民權東路六段190巷51號,121.594151,25.065107,5,華廈(10層含以下有電梯),990510,128.44,9068,70.6
租賃,建物,萬華區雙和街86號,121.501394,25.027825,5,公寓(5樓含以下無電梯),640508,9.36,1,961.54
租賃,建物,中正區中華路一段85巷11號,121.508512,25.041316,4,套房(1房(1廳)1衛),,7.73,1,1875.81
買賣,房地(土地+建物)+車位,內湖區文德路210巷30弄81號,121.584065,25.076516,25,大樓(11層含以上有電梯),1091224,76.4,6370,95.55
買賣,房地(土地+建物),萬華區艋舺大道436號,121.491557,25.028497,,公寓(5樓含以下無電梯),,30.28,1030,34.02
買賣,房地(土地+建物),士林區大西路11號,121.524088,25.089901,,公寓(5樓含以下無電梯),,25.1,1172,46.69
買賣,房地(土地+建物),大同區承德路三段143巷11號,121.51911,25.067751,,公寓(5樓含以下無電梯),,23.97,800,33.38
買賣,房地(土地+建物),文山區景華街21號,121.542058,24.995069,,公寓(5樓含以下無電梯),,23.27,1130,48.56
買賣,房地(土地+建物),信義區和平東路三段166號,121.548051,25.024424,,大樓(11層含以上有電梯),,13.64,1150,84.31
買賣,房地(土地+建物)+車位,萬華區桂林路106號,121.500001,25.038357,,大樓(11層含以上有電梯),,32,1750,58.68
買賣,房地(土地+建物)+車位,信義區中坡南路201巷1號,121.584602,25.041277,,華廈(10層含以下有電梯),,60.86,3090,50.77
買賣,房地(土地+建物)+車位,大安區信義路二段86巷26號,121.525788,25.033798,,大樓(11層含以上有電梯),,85.29,8018,94.01
買賣,房地(土地+建物),大同區民權西路226號,121.513242,25.062797,,大樓(11層含以上有電梯),,26.42,1500,56.78
買賣,房地(土地+建物),文山區福興路78巷20弄41號,121.551514,25.004916,,公寓(5樓含以下無電梯),,25.98,1150,44.26
買賣,房地(土地+建物),中正區同安街80巷21號,121.519617,25.022323,,公寓(5樓含以下無電梯),,10.29,565,54.91
買賣,房地(土地+建物),士林區光華路26巷1號,121.54221,25.137391,,華廈(10層含以下有電梯),,26.76,1100,41.11
買賣,房地(土地+建物),大安區信義路四段186號,121.551698,25.032945,,大樓(11層含以上有電梯),,19.5,2030,104.1
買賣,房地(土地+建物),士林區天母東路81巷31號,121.534949,25.119168,,公寓(5樓含以下無電梯),,29.58,1436,48.55
買賣,房地(土地+建物)+車位,大安區臥龍街316號,121.559948,25.016603,,大樓(11層含以上有電梯),,38.77,2330,60.1
買賣,建物,中正區師大路156號,121.526268,25.021025,,華廈(10層含以下有電梯),,98.09,700,7.14
買賣,房地(土地+建物),信義區基隆路一段131號,121.566559,25.04425,,大樓(11層含以上有電梯),,9.93,1190,119.84
買賣,房地(土地+建物),萬華區青年路178巷6號,121.502644,25.020546,,公寓(5樓含以下無電梯),,17.99,775,43.08
買賣,房地(土地+建物)+車位,大同區延平北路一段126號,121.511696,25.053096,,大樓(11層含以上有電梯),,58.03,4280,82.64
買賣,房地(土地+建物),大安區羅斯福路二段77巷11號,121.524658,25.026038,,公寓(5樓含以下無電梯),,13.83,1220,88.21
買賣,房地(土地+建物),信義區永吉路468巷3弄6號,121.579018,25.045067,,透天厝,,37.46,2675,71.41
買賣,房地(土地+建物)+車位,中正區羅斯福路三段211號,121.529811,25.019715,,大樓(11層含以上有電梯),,39.03,3470,116.2
買賣,房地(土地+建物),萬華區西昌街206號,121.500486,25.037303,,公寓(5樓含以下無電梯),,37.33,1200,32.15
買賣,房地(土地+建物),士林區社中街210巷16號,121.509185,25.091346,,大樓(11層含以上有電梯),,38.64,1738,44.98
買賣,房地(土地+建物),大安區忠孝東路四段101巷16號,121.547966,25.042466,,華廈(10層含以下有電梯),,55.55,5000,90.01
買賣,房地(土地+建物)+車位,大同區延平北路一段106號,121.511714,25.052693,,大樓(11層含以上有電梯),,59.64,4236,79.7
買賣,房地(土地+建物)+車位,中正區羅斯福路三段211號,121.529811,25.019715,,大樓(11層含以上有電梯),,36.63,3090,112.24
買賣,房地(土地+建物),萬華區環河南路二段250巷42弄1號,121.490863,25.033964,,公寓(5樓含以下無電梯),,26.84,400,14.9
買賣,房地(土地+建物)+車位,大同區延平北路一段106號,121.511714,25.052693,,大樓(11層含以上有電梯),,71.58,4835,73.51
買賣,房地(土地+建物)+車位,中正區羅斯福路三段211號,121.529811,25.019715,,大樓(11層含以上有電梯),,39.03,3288,109.69
買賣,房地(土地+建物),大安區建國南路一段212巷11號,121.53706,25.039785,,華廈(10層含以下有電梯),,27.42,2768,100.95
買賣,房地(土地+建物),北投區溫泉路131號,121.512165,25.139382,,公寓(5樓含以下無電梯),,21.11,540,25.58
買賣,房地(土地+建物)+車位,大同區民權西路236號,121.512935,25.062784,,大樓(11層含以上有電梯),,62.19,4100,70.77
買賣,房地(土地+建物)+車位,中正區羅斯福路三段211號,121.529811,25.019715,,大樓(11層含以上有電梯),,41.24,3500,108.68
買賣,房地(土地+建物)+車位,北投區三合街一段82巷66號,121.504715,25.128499,,華廈(10層含以下有電梯),,77.55,4450,64.48
買賣,房地(土地+建物)+車位,中正區延平南路151號,121.507816,25.035558,,大樓(11層含以上有電梯),,66.26,5550,96.26
買賣,房地(土地+建物)+車位,大同區延平北路一段106號,121.511714,25.052693,,大樓(11層含以上有電梯),,59.64,4168,77.93
買賣,房地(土地+建物)+車位,南港區成福路194巷6號,121.58789,25.040737,,華廈(10層含以下有電梯),,21.1,1500,75.17
買賣,房地(土地+建物)+車位,南港區重陽路481號,121.611414,25.060544,,大樓(11層含以上有電梯),,161.9,9580,74.14
買賣,房地(土地+建物)+車位,士林區至善路二段1號,121.543049,25.097404,,華廈(10層含以下有電梯),,63.6,3275,51.49
買賣,房地(土地+建物)+車位,中正區忠孝東路一段161號,121.526719,25.044215,,大樓(11層含以上有電梯),,23.17,2228,96.16
買賣,房地(土地+建物),士林區中山北路七段232巷16號,121.53384,25.127013,,華廈(10層含以下有電梯),,51,2260,44.31
買賣,房地(土地+建物),中正區羅斯福路三段211號,121.529811,25.019715,,大樓(11層含以上有電梯),,25.57,2928,114.51
買賣,房地(土地+建物),文山區辛亥路四段209巷21號,121.558531,25.006268,,大樓(11層含以上有電梯),,26.95,1789,66.38
買賣,房地(土地+建物),松山區三民路136巷21號,121.564342,25.060684,,公寓(5樓含以下無電梯),,28.98,2135,73.67
買賣,房地(土地+建物),萬華區青年路161號,121.502966,25.023446,,公寓(5樓含以下無電梯),,12.58,1200,95.39
買賣,房地(土地+建物)+車位,北投區中央北路四段583巷6號,121.465733,25.125066,,華廈(10層含以下有電梯),,57.68,2450,42.48
買賣,房地(土地+建物),士林區美崙街84巷6號,121.521578,25.097103,,透天厝,,32.56,3070,94.29
買賣,房地(土地+建物)+車位,文山區木柵路三段48巷1弄11號,121.564783,24.987829,,華廈(10層含以下有電梯),,63.79,3000,47.03
買賣,房地(土地+建物),信義區光復南路561號,121.557601,25.030989,,大樓(11層含以上有電梯),,20.08,1810,90.14
買賣,房地(土地+建物),信義區吳興街600巷76弄86號,121.56984,25.018388,,公寓(5樓含以下無電梯),,15.62,760,48.66
買賣,房地(土地+建物),中正區羅斯福路三段211號,121.529811,25.019715,,大樓(11層含以上有電梯),,25.57,2650,103.64
買賣,房地(土地+建物),大同區南京西路56號,121.519291,25.052738,,大樓(11層含以上有電梯),,19.33,2120,109.67
買賣,房地(土地+建物)+車位,士林區中山北路六段290巷29弄11號,121.52744,25.109321,,華廈(10層含以下有電梯),,16.65,1218,73.15
買賣,房地(土地+建物)+車位,北投區中央北路三段118巷16號,121.483417,25.138245,,華廈(10層含以下有電梯),,38.73,1690,43.64
買賣,房地(土地+建物)+車位,萬華區東園街176號,121.498101,25.022217,,大樓(11層含以上有電梯),,59.29,2770,50.4
買賣,房地(土地+建物),文山區興隆路三段207巷12弄1號,121.561475,24.994772,,公寓(5樓含以下無電梯),,27.95,830,29.7
買賣,房地(土地+建物),松山區八德路三段199巷16號,121.556229,25.049085,,華廈(10層含以下有電梯),,20.39,1545,75.77
租賃,建物,內湖區成功路二段451號,121.590196,25.074293,11,住宅大樓(11層含以上有電梯),1090731,29.67,3,1011.12
買賣,房地(土地+建物),內湖區民權東路六段90巷15弄21號,121.586983,25.06794,5,公寓(5樓含以下無電梯),730127,34.94,1460,41.79
租賃,建物,中山區新生北路二段62巷16號,121.526681,25.056073,19,住宅大樓(11層含以上有電梯),1050322,23.28,5,2147.77
租賃,建物,中山區林森北路107巷1號,121.525288,25.050353,8,華廈(10層含以下有電梯),1030910,20.24,4,1729.25
租賃,建物,中山區雙城街25巷1號,121.52443,25.066275,13,住宅大樓(11層含以上有電梯),1041221,60.08,12,1997.34
租賃,建物,北投區文林北路301號,121.514737,25.105929,23,住宅大樓(11層含以上有電梯),1040213,51.24,7,1323.19
買賣,房地(土地+建物),內湖區港華街51巷8弄21號,121.575014,25.08366,5,公寓(5樓含以下無電梯),720611,34.05,1230,36.12
買賣,房地(土地+建物),中山區中山北路二段93巷6號,121.523435,25.059317,12,大樓(11層含以上有電梯),940803,12.9,1250,96.9
買賣,房地(土地+建物)+車位,內湖區麗山街328巷46號,121.5745,25.082799,5,公寓(5樓含以下無電梯),790421,48.45,2580,62.6
租賃,房地(土地+建物),信義區吳興街446號,121.568453,25.023987,6,店面(店鋪),770723,26.01,4,1345.64
買賣,房地(土地+建物)+車位,內湖區瑞光路513巷31號,121.570162,25.079805,10,華廈(10層含以下有電梯),870917,90.16,4290,47.58
買賣,房地(土地+建物),中山區中山北路一段53巷6號,121.522009,25.049185,12,大樓(11層含以上有電梯),970104,15.34,1288,83.96
買賣,房地(土地+建物)+車位,內湖區文德路210巷30弄81號,121.584065,25.076516,25,大樓(11層含以上有電梯),1091224,76.29,5384,79.69
買賣,房地(土地+建物),中山區長春路366號,121.542608,25.054472,16,大樓(11層含以上有電梯),850710,90.71,5680,62.62
租賃,建物,南港區惠民街11號,121.610292,25.055759,4,店面(店鋪),,22.16,2,902.53
買賣,房地(土地+建物)+車位,中山區中山北路二段181號,121.52273,25.063258,18,大樓(11層含以上有電梯),1080604,36.55,3550,118.01
租賃,建物,中山區中山北路一段111號,121.522452,25.051138,23,住宅大樓(11層含以上有電梯),1060330,70.88,14,1975.17
租賃,建物,士林區德行東路109巷41號,121.528684,25.11134,5,公寓(5樓含以下無電梯),750915,35.25,6,1702.13
買賣,房地(土地+建物)+車位,內湖區麗山街105巷21號,121.579458,25.082417,13,大樓(11層含以上有電梯),1070522,87.8,6188,70.48
買賣,房地(土地+建物),中山區新生北路三段61號,121.528054,25.065942,9,華廈(10層含以下有電梯),650907,13.93,782,56.14
買賣,房地(土地+建物),中山區新生北路二段68巷26號,121.526304,25.056671,7,華廈(10層含以下有電梯),670505,27.1,1495,55.17
租賃,建物,中山區龍江路457巷6號,121.541398,25.067516,4,套房(1房(1廳)1衛),651115,7.5,1,1706.67
租賃,建物,中山區北安路826號,121.557305,25.08424,14,套房(1房(1廳)1衛),991224,13.61,3,1836.88
買賣,房地(土地+建物)+車位,內湖區東湖路113巷70弄1號,121.615881,25.071455,6,華廈(10層含以下有電梯),830914,39.86,1768,44.36
租賃,建物,中山區民權東路二段36號,121.529298,25.062332,12,住宅大樓(11層含以上有電梯),1020206,48.75,9,1743.59
租賃,建物,士林區華齡街66號,121.519741,25.084427,5,店面(店鋪),690115,31.28,5,1662.4
買賣,房地(土地+建物),內湖區星雲街161巷6號,121.596192,25.081813,14,大樓(11層含以上有電梯),940712,26.78,2150,80.28
買賣,房地(土地+建物),內湖區安康路315巷21號,121.613832,25.066984,4,公寓(5樓含以下無電梯),690314,33.15,1670,50.38
買賣,房地(土地+建物)+車位,內湖區民權東路六段210巷21弄1號,121.597808,25.066856,9,華廈(10層含以下有電梯),1081111,17.89,1446,80.83
租賃,建物,文山區辛亥路七段84巷6號,121.553967,24.981389,11,住宅大樓(11層含以上有電梯),891025,61.99,4,645.27
租賃,建物,中正區汀州路二段271號,121.524143,25.02223,10,華廈(10層含以下有電梯),1051209,38.65,4,1112.55
租賃,建物,大同區太原路151號,121.5167,25.05524,19,住宅大樓(11層含以上有電梯),910225,60.95,6,984.41
買賣,房地(土地+建物)+車位,內湖區內湖路一段91巷21號,121.562056,25.08596,10,華廈(10層含以下有電梯),940308,146.83,6518,60.47
買賣,房地(土地+建物)+車位,內湖區行愛路78巷26號,121.580326,25.062206,6,華廈(10層含以下有電梯),920113,131.22,4530,34.52
租賃,建物,大同區市民大道一段201號,121.517532,25.04897,18,住宅大樓(11層含以上有電梯),980724,14.01,4,2498.22
買賣,房地(土地+建物)+車位,內湖區內湖路一段91巷35弄81號,121.561288,25.087616,9,華廈(10層含以下有電梯),840627,41.34,2351,56.87
買賣,房地(土地+建物)+車位,內湖區文德路210巷30弄81號,121.584065,25.076516,25,大樓(11層含以上有電梯),1091224,39.07,3226,94.17
買賣,房地(土地+建物),內湖區文湖街21巷98弄1號,121.559858,25.090485,4,公寓(5樓含以下無電梯),700408,27.08,1350,49.85
買賣,房地(土地+建物)+車位,中正區羅斯福路三段211號,121.529811,25.019715,,大樓(11層含以上有電梯),,39.51,3508,115.57
買賣,房地(土地+建物),松山區民權東路三段186號,121.549885,25.061446,,華廈(10層含以下有電梯),,10.89,850,78.05
買賣,房地(土地+建物),大安區基隆路二段166號,121.555482,25.027165,,大樓(11層含以上有電梯),,9.79,777,79.37
買賣,房地(土地+建物),松山區民生東路五段161號,121.562558,25.059056,,大樓(11層含以上有電梯),,52.44,3280,62.55
買賣,房地(土地+建物),松山區三民路107巷26號,121.562144,25.057659,,公寓(5樓含以下無電梯),,27.42,2120,77.32
買賣,房地(土地+建物),信義區虎林街56巷16號,121.576379,25.046415,,公寓(5樓含以下無電梯),,31.93,2068,64.77
買賣,房地(土地+建物)+車位,士林區文林路556號,121.52403,25.097705,,大樓(11層含以上有電梯),,75.26,4988,73.87
買賣,房地(土地+建物)+車位,中正區衡陽路66號,121.511784,25.042179,,大樓(11層含以上有電梯),,28.81,2370,90.61
買賣,房地(土地+建物),大同區延平北路二段31號,121.511802,25.054787,,大樓(11層含以上有電梯),,11.84,510,43.07
買賣,房地(土地+建物)+車位,信義區松勤街6號,121.559776,25.032045,,大樓(11層含以上有電梯),,20.29,2250,136.58
買賣,房地(土地+建物)+車位,南港區園區街26號,121.613246,25.059692,,大樓(11層含以上有電梯),,79.5,6180,86.66
買賣,房地(土地+建物),士林區中山北路六段2巷51號,121.528272,25.103724,,公寓(5樓含以下無電梯),,34.61,1634,47.21
買賣,房地(土地+建物)+車位,士林區重慶北路四段81號,121.512437,25.081593,,華廈(10層含以下有電梯),,42.64,1320,30.96
買賣,房地(土地+建物),大安區和平東路三段308巷36號,121.555463,25.019701,,公寓(5樓含以下無電梯),,29.45,1780,60.44
買賣,房地(土地+建物)+車位,大同區民權西路201號,121.515308,25.06317,,大樓(11層含以上有電梯),,25.59,2000,78.16
買賣,房地(土地+建物),士林區劍潭路46號,121.522116,25.083615,,公寓(5樓含以下無電梯),,21.35,1696,79.44
買賣,房地(土地+建物),萬華區環河南路一段71號,121.501915,25.04502,,大樓(11層含以上有電梯),,12.77,500,39.15
買賣,房地(土地+建物)+車位,中正區羅斯福路三段211號,121.529811,25.019715,,大樓(11層含以上有電梯),,39.4,3490,115.38
買賣,房地(土地+建物),士林區磺溪街55巷16號,121.521976,25.107896,,公寓(5樓含以下無電梯),,38.14,2318,60.78
買賣,房地(土地+建物)+車位,大同區延平北路一段106號,121.511714,25.052693,,大樓(11層含以上有電梯),,90.79,5800,75.76
買賣,房地(土地+建物),大安區永康街7巷16號,121.531388,25.033066,,公寓(5樓含以下無電梯),,34.4,3150,91.57
買賣,房地(土地+建物)+車位,松山區敦化北路256號,121.549903,25.060635,,大樓(11層含以上有電梯),,179.35,24000,162.17
買賣,房地(土地+建物),北投區中山路1號,121.505011,25.137304,,華廈(10層含以下有電梯),,15.29,705,46.11
買賣,房地(土地+建物),文山區景豐街37巷1號,121.545783,25.000347,,公寓(5樓含以下無電梯),,28.7,1302,45.37
買賣,房地(土地+建物)+車位,信義區吳興街284巷6號,121.564089,25.026152,,大樓(11層含以上有電梯),,35.97,3143,87.38
買賣,房地(土地+建物)+車位,大安區敦化南路一段161巷71號,121.552589,25.043544,,大樓(11層含以上有電梯),,33.12,3040,130
買賣,房地(土地+建物),文山區光輝路78巷1號,121.555663,24.984399,,公寓(5樓含以下無電梯),,26.89,1146,42.62
買賣,房地(土地+建物),士林區華齡街17巷11號,121.518842,25.082957,,公寓(5樓含以下無電梯),,28.86,1420,49.2
買賣,房地(土地+建物),士林區中社路一段61巷21號,121.563666,25.109929,,公寓(5樓含以下無電梯),,31.38,1200,38.24
買賣,房地(土地+建物)+車位,中正區南昌路一段121號,121.518309,25.0299,,大樓(11層含以上有電梯),,12.57,1365,108.59
買賣,房地(土地+建物),文山區景興路23巷6弄1號,121.545381,24.997762,,公寓(5樓含以下無電梯),,23.96,1170,48.83
買賣,房地(土地+建物)+車位,萬華區環河南路二段21號,121.497788,25.03938,,大樓(11層含以上有電梯),,33.4,1750,55.9
買賣,房地(土地+建物)+車位,文山區萬利街66號,121.563957,25.001208,,華廈(10層含以下有電梯),,43.86,2080,47.42
買賣,房地(土地+建物),大安區光復南路96巷7弄1號,121.557047,25.044371,,公寓(5樓含以下無電梯),,27.66,2135,77.19
買賣,房地(土地+建物),信義區松隆路336號,121.577246,25.047827,,公寓(5樓含以下無電梯),,34.83,2068,59.37
買賣,房地(土地+建物),士林區天母東路69巷12弄1號,121.53436,25.119122,,公寓(5樓含以下無電梯),,32.08,1800,56.11
買賣,房地(土地+建物),大安區忠孝東路四段111號,121.549274,25.041713,,大樓(11層含以上有電梯),,13.69,1380,100.8
買賣,房地(土地+建物)+車位,南港區福德街456號,121.589053,25.039756,,大樓(11層含以上有電梯),,38.86,1800,46.32
買賣,房地(土地+建物),士林區中社路二段41號,121.565898,25.107875,,公寓(5樓含以下無電梯),,20.81,915,43.97
買賣,房地(土地+建物),信義區松山路287巷3弄11號,121.578312,25.043209,,公寓(5樓含以下無電梯),,24.92,1400,56.18
買賣,房地(土地+建物)+車位,中正區羅斯福路二段56號,121.521688,25.027725,,大樓(11層含以上有電梯),,15.32,1698,110.84
買賣,房地(土地+建物),文山區景興路91巷6號,121.54514,24.99568,,公寓(5樓含以下無電梯),,23.15,1000,43.2
買賣,房地(土地+建物),大安區復興南路一段81號,121.544077,25.044343,,大樓(11層含以上有電梯),,50.69,4500,88.77
買賣,房地(土地+建物),大同區西寧北路61號,121.508944,25.054573,,華廈(10層含以下有電梯),,107.37,5154,48
買賣,房地(土地+建物),文山區溪洲街11號,121.535265,25.005958,,公寓(5樓含以下無電梯),,18.67,1031,55.22
買賣,房地(土地+建物),松山區民生東路五段138巷1號,121.561699,25.058532,,大樓(11層含以上有電梯),,39.72,2850,71.75
買賣,房地(土地+建物),萬華區貴陽街二段51號,121.504536,25.039795,,大樓(11層含以上有電梯),,24.23,1900,78.42
買賣,房地(土地+建物),信義區吳興街41號,121.560246,25.031158,,公寓(5樓含以下無電梯),,31.07,2050,65.98
買賣,房地(土地+建物)+車位,大同區延平北路一段106號,121.511714,25.052693,,大樓(11層含以上有電梯),,72.95,4431,73.47
預售屋,房地(土地+建物)+車位,內湖區潭美段四小段581號,121.562768,25.086795,13,住宅大樓(11層含以上有電梯),,66.89,3766,61.81
買賣,房地(土地+建物)+車位,大同區延平北路一段106號,121.511714,25.052693,,大樓(11層含以上有電梯),,91.08,5400,76.19
買賣,房地(土地+建物)+車位,南港區經貿二路157巷36弄111號,121.614727,25.062424,,大樓(11層含以上有電梯),,114.86,8710,92.65
租賃,建物,中山區明水路536號,121.552186,25.080406,15,辦公商業大樓,821222,76.33,7,917.07
買賣,房地(土地+建物)+車位,內湖區康樂街136巷30弄6號,121.618112,25.071681,15,大樓(11層含以上有電梯),1090424,43.51,2575,59.18
買賣,房地(土地+建物),內湖區東湖路113巷3弄1號,121.615205,25.069089,5,公寓(5樓含以下無電梯),730820,28.21,1200,42.54
租賃,建物,中山區敬業一路176號,121.553642,25.083919,11,其他,970328,50.55,9,1780.42
租賃,建物,士林區忠誠路二段41號,121.530778,25.109546,17,住宅大樓(11層含以上有電梯),761116,53.87,7,1206.61
買賣,房地(土地+建物),內湖區康樂街136巷29弄51號,121.618128,25.073091,5,公寓(5樓含以下無電梯),750616,34.79,1258,36.16
買賣,房地(土地+建物),中山區天津街21號,121.522626,25.048444,8,華廈(10層含以下有電梯),760930,28.8,1788,62.08
租賃,建物,中山區中山北路二段77巷6號,121.5234,25.057448,13,住宅大樓(11層含以上有電梯),1060524,43.26,9,2080.44
租賃,建物,大安區通安街26號,121.553219,25.032019,7,華廈(10層含以下有電梯),720816,27.81,5,1726
買賣,房地(土地+建物),中山區長安東路一段56巷1號,121.528846,25.047801,6,華廈(10層含以下有電梯),921030,10.46,800,76.48
租賃,建物,士林區忠誠路一段16號,121.525532,25.104486,14,住宅大樓(11層含以上有電梯),941228,38.08,7,1706.93
租賃,建物,士林區天母北路66號,121.52661,25.122073,7,華廈(10層含以下有電梯),940909,47.59,5,1029.63
租賃,建物,北投區文林北路136號,121.516713,25.10638,25,住宅大樓(11層含以上有電梯),1060220,112.12,17,1471.64
買賣,房地(土地+建物),中山區長安東路一段53巷16號,121.526583,25.049685,7,華廈(10層含以下有電梯),761223,11.61,670,57.71
買賣,房地(土地+建物),中山區錦州街21號,121.524957,25.0604,11,大樓(11層含以上有電梯),711204,15.48,790,51.03
租賃,建物,中山區中山北路二段62巷6號,121.522142,25.056632,7,住宅大樓(11層含以上有電梯),1011203,43.02,7,1627.15
租賃,建物,中山區中山北路二段65巷6號,121.523841,25.057034,14,住宅大樓(11層含以上有電梯),901112,23.86,4,1844.09
買賣,房地(土地+建物),中山區長安東路一段16號,121.523401,25.049313,12,大樓(11層含以上有電梯),681124,17.09,1100,64.37
買賣,房地(土地+建物),內湖區康樂街111巷56號,121.620529,25.070719,9,華廈(10層含以下有電梯),810218,21.09,1223,57.99
買賣,房地(土地+建物)+車位,內湖區文湖街81巷36號,121.564261,25.087499,9,華廈(10層含以下有電梯),1020802,72.52,4550,62.74
買賣,房地(土地+建物),內湖區金湖路131號,121.598384,25.07996,26,大樓(11層含以上有電梯),1011121,78.74,8017,101.82
買賣,房地(土地+建物),內湖區康寧路三段99巷17弄16號,121.610049,25.072538,5,公寓(5樓含以下無電梯),731026,33.41,1720,51.48
租賃,建物,中山區新生北路二段51號,121.527863,25.05593,19,住宅大樓(11層含以上有電梯),980916,43.57,5,1147.58
租賃,建物,士林區雨聲街61號,121.528456,25.10299,7,華廈(10層含以下有電梯),751204,68.96,7,957.08
租賃,建物,信義區信義路五段126號,121.568815,25.032574,19,套房(1房(1廳)1衛),951229,14.8,3,1689.19
買賣,房地(土地+建物),中山區中山北路二段128巷1號,121.522415,25.061795,7,華廈(10層含以下有電梯),730224,42.76,968,22.64
買賣,房地(土地+建物),中山區農安街1巷1號,121.523013,25.066333,5,華廈(10層含以下有電梯),770502,33.76,2350,69.61
買賣,房地(土地+建物),內湖區文德路171巷9弄1號,121.585006,25.079627,5,公寓(5樓含以下無電梯),740410,34.25,2430,70.95
買賣,房地(土地+建物)+車位,中山區中山北路二段166號,121.522272,25.06332,14,大樓(11層含以上有電梯),951129,51.39,3620,87.19
租賃,建物,中正區和平西路二段21號,121.513476,25.028464,4,店面(店鋪),,28.86,3,1108.8
買賣,房地(土地+建物),中山區大直街34巷21號,121.5451,25.081505,3,透天厝,561226,47.31,3790,80.11
買賣,房地(土地+建物)+車位,內湖區民權東路六段210巷21弄6號,121.598045,25.066628,9,華廈(10層含以下有電梯),1081111,20.03,1568,78.28
租賃,建物,文山區辛亥路四段209巷21號,121.558531,25.006268,26,住宅大樓(11層含以上有電梯),1090430,36.95,3,811.91
租賃,建物,萬華區武昌街二段26號,121.507828,25.044443,4,店面(店鋪),,19.12,8,4184.1
買賣,房地(土地+建物)+車位,內湖區文德路210巷30弄81號,121.584065,25.076516,25,大樓(11層含以上有電梯),1091224,39.07,3300,95.91
買賣,房地(土地+建物)+車位,內湖區文德路210巷30弄81號,121.584065,25.076516,25,大樓(11層含以上有電梯),1091224,68.4,6188,97.15
買賣,房地(土地+建物),松山區健康路325巷12弄6號,121.567559,25.055364,,公寓(5樓含以下無電梯),,36.56,1600,43.76
買賣,房地(土地+建物),士林區承德路四段40巷71號,121.521559,25.080922,,公寓(5樓含以下無電梯),,10.88,468,43.01
買賣,房地(土地+建物),信義區忠孝東路五段423巷3弄11號,121.574744,25.041343,,公寓(5樓含以下無電梯),,36.81,2750,74.71
買賣,房地(土地+建物),萬華區長泰街61號,121.500043,25.022894,,華廈(10層含以下有電梯),,39.35,2250,57.18
買賣,房地(土地+建物)+車位,大安區金山南路二段186號,121.526011,25.028303,,大樓(11層含以上有電梯),,53.55,6080,145.19
買賣,房地(土地+建物),松山區延壽街330巷17弄16號,121.56182,25.054742,,華廈(10層含以下有電梯),,38.97,2777,71.26
買賣,房地(土地+建物),大安區仁愛路四段345巷4弄1號,121.553873,25.039041,,華廈(10層含以下有電梯),,47.62,4500,94.5
買賣,房地(土地+建物),大安區仁愛路四段231號,121.553233,25.03809,,大樓(11層含以上有電梯),,18.56,2020,108.84
買賣,房地(土地+建物),信義區松山路515巷2弄1號,121.578643,25.038288,,公寓(5樓含以下無電梯),,25.64,1670,65.13
買賣,房地(土地+建物)+車位,大同區延平北路一段106號,121.511714,25.052693,,大樓(11層含以上有電梯),,71.58,4700,71.32
買賣,房地(土地+建物),北投區明德路267巷1號,121.52215,25.114394,,華廈(10層含以下有電梯),,37.17,2500,67.26
買賣,房地(土地+建物),大同區承德路三段76號,121.518126,25.065978,,透天厝,,17.2,880,51.16
買賣,房地(土地+建物),大安區樂業街159巷21號,121.554542,25.019869,,華廈(10層含以下有電梯),,27.61,2137,77.4
買賣,房地(土地+建物),南港區南港路一段286號,121.608261,25.05486,,公寓(5樓含以下無電梯),,9.93,530,53.37
買賣,房地(土地+建物)+車位,士林區德行東路331巷6號,121.537712,25.110627,,華廈(10層含以下有電梯),,103.03,6950,67.46
買賣,房地(土地+建物)+車位,中正區臨沂街57巷32弄6號,121.5311,25.037159,,華廈(10層含以下有電梯),,33.66,3830,113.78
買賣,房地(土地+建物)+車位,大同區延平北路一段106號,121.511714,25.052693,,大樓(11層含以上有電梯),,81.33,5175,76.51
買賣,房地(土地+建物),大安區通化街39巷56號,121.55583,25.030671,,公寓(5樓含以下無電梯),,19.06,1420,74.5
買賣,房地(土地+建物)+車位,文山區辛亥路四段209巷26號,121.555955,25.002081,,大樓(11層含以上有電梯),,47.07,2889,61.38
買賣,房地(土地+建物)+車位,中正區羅斯福路三段211號,121.529811,25.019715,,大樓(11層含以上有電梯),,39.51,3198,104.67
買賣,房地(土地+建物),大安區忠孝東路三段248巷51弄1號,121.541422,25.040348,,華廈(10層含以下有電梯),,26.06,2000,76.75
買賣,房地(土地+建物)+車位,萬華區環河南路二段11號,121.497833,25.039603,,大樓(11層含以上有電梯),,33.57,1588,47.3
買賣,房地(土地+建物)+車位,大同區延平北路一段106號,121.511714,25.052693,,大樓(11層含以上有電梯),,62.5,4138,72.95
買賣,房地(土地+建物),大安區敦化南路一段161巷71號,121.552589,25.043544,,大樓(11層含以上有電梯),,18.28,2377,130.03
買賣,房地(土地+建物)+車位,文山區木新路三段95巷41號,121.56334,24.98111,,大樓(11層含以上有電梯),,74.21,3777,50.9
買賣,房地(土地+建物),信義區和平東路三段435巷7弄21號,121.559321,25.019338,,公寓(5樓含以下無電梯),,28.17,1578,56.02
買賣,房地(土地+建物),大安區復興南路一段79巷6號,121.54459,25.044433,,華廈(10層含以下有電梯),,8.25,690,83.64
買賣,房地(土地+建物)+車位,松山區延壽街346號,121.55968,25.056431,,大樓(11層含以上有電梯),,63.99,5200,81.26
買賣,房地(土地+建物)+車位,士林區士東路91巷11號,121.529248,25.112853,,華廈(10層含以下有電梯),,58.27,2850,48.91
買賣,房地(土地+建物)+車位,士林區中正路223巷56號,121.52649,25.094047,,華廈(10層含以下有電梯),,66.28,4700,70.91
買賣,房地(土地+建物),北投區復興四路12巷1號,121.500524,25.141618,,華廈(10層含以下有電梯),,11.86,520,43.84
買賣,房地(土地+建物)+車位,士林區社中街210巷16號,121.509185,25.091346,,大樓(11層含以上有電梯),,34.37,1430,49.78
買賣,房地(土地+建物)+車位,南港區研究院路二段86號,121.615362,25.045085,,大樓(11層含以上有電梯),,81.76,4188,52.39
買賣,房地(土地+建物),大安區仁愛路四段46號,121.547008,25.03761,,大樓(11層含以上有電梯),,17.13,2380,138.94
買賣,房地(土地+建物)+車位,大安區臥龍街291號,121.558504,25.017141,,華廈(10層含以下有電梯),,30.23,1888,72.3
買賣,房地(土地+建物),中正區羅斯福路四段161號,121.537582,25.009895,,大樓(11層含以上有電梯),,24.08,1850,76.83
買賣,房地(土地+建物),文山區辛亥路四段101巷140弄11號,121.562522,25.006564,,透天厝,,25.38,900,35.46
買賣,房地(土地+建物)+車位,大同區延平北路一段106號,121.511714,25.052693,,大樓(11層含以上有電梯),,62.47,3791,67.83
買賣,房地(土地+建物)+車位,北投區文林北路136號,121.516713,25.10638,,大樓(11層含以上有電梯),,60.1,4500,74.88
買賣,房地(土地+建物)+車位,大安區臥龍街291號,121.558504,25.017141,,華廈(10層含以下有電梯),,34.94,2320,74.97
買賣,房地(土地+建物),北投區吉利街39巷11號,121.505433,25.118706,,公寓(5樓含以下無電梯),,26.01,1210,46.52
買賣,房地(土地+建物)+車位,中正區羅斯福路三段211號,121.529811,25.019715,,大樓(11層含以上有電梯),,39.51,3372,110.79
買賣,房地(土地+建物)+車位,大同區延平北路一段106號,121.511714,25.052693,,大樓(11層含以上有電梯),,81.33,4745,69.8
買賣,房地(土地+建物)+車位,文山區萬芳路107巷26號,121.56176,24.996766,,大樓(11層含以上有電梯),,33.68,2000,59.38
買賣,房地(土地+建物),北投區中山路1號,121.505011,25.137304,,大樓(11層含以上有電梯),,29.32,1730,59
買賣,房地(土地+建物)+車位,北投區天母西路117巷32弄1號,121.524705,25.120536,,大樓(11層含以上有電梯),,173.07,14168,81.86
買賣,房地(土地+建物),士林區中山北路七段190巷1號,121.533137,25.125077,,公寓(5樓含以下無電梯),,43.05,1800,41.81
買賣,房地(土地+建物)+車位,士林區中山北路七段14巷31號,121.531991,25.11866,,華廈(10層含以下有電梯),,73.51,3688,50.17
買賣,房地(土地+建物),萬華區青年路68巷3弄1號,121.502048,25.023727,,華廈(10層含以下有電梯),,47.54,2160,45.44
買賣,房地(土地+建物)+車位,南港區忠孝東路七段511號,121.612075,25.052876,,華廈(10層含以下有電梯),,81.63,3570,55.02
買賣,房地(土地+建物),北投區石牌路一段39巷70弄16號,121.510468,25.115513,,公寓(5樓含以下無電梯),,23.78,1130,47.52
買賣,房地(土地+建物)+車位,士林區忠誠路一段116號,121.528775,25.105789,,大樓(11層含以上有電梯),,77.51,4908,63.32
買賣,房地(土地+建物)+車位,士林區社正路17巷1號,121.509067,25.089714,,華廈(10層含以下有電梯),,43.18,1868,46.8
買賣,房地(土地+建物)+車位,大安區和平東路一段176號,121.523582,25.026803,,大樓(11層含以上有電梯),,68.45,5443,79.52
買賣,房地(土地+建物),士林區中山北路七段219巷6號,121.532459,25.127036,,華廈(10層含以下有電梯),,29.66,1720,57.99
租賃,房地(土地+建物),中山區大直街20巷21號,121.545098,25.081372,4,公寓(5樓含以下無電梯),690103,17.6,4,1988.64
買賣,房地(土地+建物),內湖區康樂街72巷17弄96號,121.616575,25.070834,5,公寓(5樓含以下無電梯),730917,36.76,1650,44.89
買賣,房地(土地+建物)+車位,內湖區民權東路六段123巷20弄21號,121.592145,25.069963,10,華廈(10層含以下有電梯),941025,34.56,1990,76.96
租賃,建物,中山區南京東路三段89巷27弄6號,121.538141,25.053678,10,華廈(10層含以下有電梯),1061002,22.86,6,2755.91
租賃,建物,士林區中山北路六段157巷11號,121.524117,25.106847,15,其他,971002,43.46,6,1449.61
租賃,建物,士林區中山北路六段195巷6號,121.524478,25.107972,14,住宅大樓(11層含以上有電梯),970506,55.64,7,1312.01
買賣,房地(土地+建物)+車位,內湖區新富街56號,121.583138,25.059519,13,大樓(11層含以上有電梯),990209,98.59,5700,57.82
買賣,房地(土地+建物),內湖區東湖路106巷7弄26號,121.613681,25.068064,5,公寓(5樓含以下無電梯),750829,29.06,1310,45.08
租賃,建物,信義區松德路46號,121.576617,25.038906,12,住宅大樓(11層含以上有電梯),740409,25.81,4,1394.81
買賣,房地(土地+建物),中山區民生東路三段36號,121.540485,25.057596,9,華廈(10層含以下有電梯),850202,21.71,1608,74.07
買賣,房地(土地+建物),中山區新生北路三段26號,121.527398,25.063721,12,大樓(11層含以上有電梯),700703,9.61,625,65.04
租賃,建物,北投區大業路551號,121.498546,25.13735,4,店面(店鋪),650527,20.16,3,1636.9
租賃,房地(土地+建物),大安區復興南路一段101號,121.544059,25.043787,12,套房(1房(1廳)1衛),,18.18,3,1485.15
買賣,房地(土地+建物)+車位,內湖區南京東路六段346號,121.585117,25.05851,12,大樓(11層含以上有電梯),970407,35.51,1558,43.87
買賣,房地(土地+建物),內湖區康寧路三段99巷17弄36號,121.610085,25.072824,10,華廈(10層含以下有電梯),840511,34.93,1980,56.68
買賣,房地(土地+建物),內湖區環山路二段1號,121.570656,25.086314,5,公寓(5樓含以下無電梯),701002,28.86,1380,47.82
買賣,房地(土地+建物),中山區林森北路536號,121.525538,25.063838,14,大樓(11層含以上有電梯),940826,12.35,1130,91.5
租賃,建物,中山區中山北路二段93巷16號,121.524004,25.059279,12,住宅大樓(11層含以上有電梯),1020111,50.26,7,1452.45
租賃,建物,士林區通河街21號,121.523269,25.080092,8,華廈(10層含以下有電梯),1011112,37.83,4,938.41
租賃,建物,北投區大業路741號,121.502801,25.137498,4,公寓(5樓含以下無電梯),520101,289.24,25,864.33
買賣,房地(土地+建物)+車位,中山區新生北路二段68巷6號,121.526669,25.05669,12,大樓(11層含以上有電梯),1050602,39.2,2418,89.57
買賣,房地(土地+建物),內湖區康寧路三段189巷91號,121.612477,25.073056,10,華廈(10層含以下有電梯),831229,33.81,2030,60.04
買賣,房地(土地+建物),內湖區內湖路一段411巷9弄1號,121.571324,25.081989,4,公寓(5樓含以下無電梯),670707,19.88,1180,59.36
租賃,建物,中山區林森北路651號,121.525876,25.067612,9,華廈(10層含以下有電梯),961024,38.87,5,1312.07
租賃,建物,士林區忠義街76號,121.531717,25.106141,5,公寓(5樓含以下無電梯),750218,26.31,2,760.17
租賃,建物,中山區林森北路361號,121.525844,25.0574,18,住宅大樓(11層含以上有電梯),980916,18.84,5,2760.08
買賣,房地(土地+建物),內湖區陽光街161巷11號,121.585746,25.07458,5,華廈(10層含以下有電梯),1080716,12.77,1040,81.44
買賣,房地(土地+建物)+車位,中山區八德路二段311號,121.542741,25.047395,13,大樓(11層含以上有電梯),1071129,42.98,3330,98.99
租賃,建物,士林區士東路2巷21號,121.526756,25.111032,10,華廈(10層含以下有電梯),921106,36.06,7,1802.55
買賣,房地(土地+建物),中山區長安東路一段53巷1號,121.526661,25.048953,7,華廈(10層含以下有電梯),670502,17.61,900,51.11
買賣,房地(土地+建物)+車位,中山區敬業一路6號,121.55295,25.081181,10,華廈(10層含以下有電梯),931005,83.56,6688,80.04
買賣,房地(土地+建物),中山區中山北路二段20巷16號,121.521188,25.053495,6,華廈(10層含以下有電梯),660923,49.38,1400,28.35
買賣,房地(土地+建物),中山區松江路1號,121.5333,25.045835,13,大樓(11層含以上有電梯),701208,11.32,900,79.51
租賃,建物,文山區興隆路二段153巷1弄1號,121.548294,25.000571,4,公寓(5樓含以下無電梯),,26.46,2,869.24
買賣,房地(土地+建物),內湖區康寧路三段56巷46號,121.609052,25.068511,5,公寓(5樓含以下無電梯),690515,29.39,1800,61.25
租賃,建物,萬華區武昌街二段26號,121.507828,25.044443,4,店面(店鋪),,19.12,8,4184.1
租賃,房地(土地+建物),中正區羅斯福路二段6號,121.520858,25.028855,5,公寓(5樓含以下無電梯),780612,54.22,10,1844.34
租賃,建物,大同區市民大道一段201號,121.517532,25.04897,18,住宅大樓(11層含以上有電梯),980724,26.19,6,2100.04
租賃,建物,中正區延平南路156號,121.508422,25.038383,4,套房(1房(1廳)1衛),,5.77,1,2114.38
買賣,房地(土地+建物)+車位,中山區南京東路三段101號,121.539295,25.052147,12,大樓(11層含以上有電梯),711110,196.89,15500,81.99
租賃,建物,大同區市民大道一段201號,121.517532,25.04897,18,住宅大樓(11層含以上有電梯),980724,39.5,7,1645.57
買賣,房地(土地+建物)+車位,北投區文林北路136號,121.516713,25.10638,,大樓(11層含以上有電梯),,61.7,4650,75.36
買賣,房地(土地+建物)+車位,中正區羅斯福路三段211號,121.529811,25.019715,,大樓(11層含以上有電梯),,39.4,3486,115.24
買賣,房地(土地+建物),大同區重慶北路三段223巷1弄1號,121.514469,25.070774,,公寓(5樓含以下無電梯),,29.78,1380,46.34
買賣,房地(土地+建物)+車位,萬華區成都路101號,121.50435,25.043237,,大樓(11層含以上有電梯),,30.03,1715,57.11
買賣,房地(土地+建物),中正區羅斯福路三段211號,121.529811,25.019715,,大樓(11層含以上有電梯),,27.97,2888,103.25
買賣,房地(土地+建物)+車位,中正區杭州南路一段131巷11號,121.525917,25.036393,,華廈(10層含以下有電梯),,106.18,8000,75.34
買賣,房地(土地+建物),士林區承德路四段40巷21號,121.522855,25.082332,,公寓(5樓含以下無電梯),,9.29,420,45.21
買賣,房地(土地+建物),大安區復興南路二段151巷30弄21號,121.545666,25.027352,,大樓(11層含以上有電梯),,30.47,2198,72.14
買賣,房地(土地+建物)+車位,士林區社正路36號,121.509901,25.088771,,華廈(10層含以下有電梯),,36.57,1880,51.41
買賣,房地(土地+建物),大安區新生南路一段145巷6號,121.533441,25.035699,,公寓(5樓含以下無電梯),,38.21,3250,85.06
買賣,房地(土地+建物),信義區松德路231號,121.574937,25.034806,,華廈(10層含以下有電梯),,29.97,1838,61.33
買賣,房地(土地+建物),南港區福德街339巷1弄6號,121.589135,25.038943,,公寓(5樓含以下無電梯),,17.5,1168,66.74
買賣,房地(土地+建物)+車位,大同區延平北路一段106號,121.511714,25.052693,,大樓(11層含以上有電梯),,81.33,5198,75.99
買賣,房地(土地+建物),士林區德行東路219巷16號,121.53256,25.110129,,公寓(5樓含以下無電梯),,40.7,2088,51.3
買賣,房地(土地+建物),大安區延吉街151號,121.554373,25.0423,,華廈(10層含以下有電梯),,48.75,3889,79.77
買賣,建物,中正區師大路156號,121.526268,25.021025,,華廈(10層含以下有電梯),,31.77,300,9.44
買賣,建物,中正區羅斯福路一段86號,121.519767,25.030338,,大樓(11層含以上有電梯),,16.88,350,20.73
買賣,房地(土地+建物),萬華區富民路145巷35弄1號,121.501123,25.019067,,公寓(5樓含以下無電梯),,20.42,1398,68.46
買賣,房地(土地+建物),士林區雨聲街59巷6號,121.528277,25.102889,,公寓(5樓含以下無電梯),,31.7,1430,45.11
買賣,建物,萬華區西寧南路76號,121.505906,25.043006,,公寓(5樓含以下無電梯),,96.82,1980,20.45
買賣,房地(土地+建物),大安區安居街118巷11號,121.551908,25.01883,,公寓(5樓含以下無電梯),,22.73,1250,54.99
買賣,房地(土地+建物),文山區興隆路三段136號,121.557973,24.998799,,華廈(10層含以下有電梯),,9.19,710,77.26
買賣,房地(土地+建物),中正區南昌路一段121號,121.518309,25.0299,,大樓(11層含以上有電梯),,11.39,1368,120.11
買賣,房地(土地+建物),大安區潮州街106號,121.525847,25.028893,,公寓(5樓含以下無電梯),,34.5,3300,95.65
買賣,房地(土地+建物),文山區指南路二段45巷8弄16號,121.575867,24.988741,,公寓(5樓含以下無電梯),,30.2,1560,51.66
買賣,房地(土地+建物),大安區復興南路二段78巷30弄1號,121.542482,25.030875,,大樓(11層含以上有電梯),,420.96,8650,20.55
買賣,房地(土地+建物),北投區公館路301號,121.537284,25.00513,,公寓(5樓含以下無電梯),,49.22,1760,35.76
買賣,房地(土地+建物),大安區復興南路二段236號,121.543139,25.025126,,大樓(11層含以上有電梯),,21.89,2038,93.1
買賣,房地(土地+建物),大安區安和路二段181巷11號,121.55038,25.027403,,華廈(10層含以下有電梯),,40.31,3435,85.21
買賣,房地(土地+建物)+車位,萬華區環河南路二段21號,121.497788,25.03938,,大樓(11層含以上有電梯),,33.4,1710,55.9
買賣,房地(土地+建物),中正區金門街11巷11號,121.524086,25.021425,,華廈(10層含以下有電梯),,45.73,2700,59.04
買賣,房地(土地+建物)+車位,萬華區西寧南路126號,121.505939,25.041173,,大樓(11層含以上有電梯),,32.96,2150,65.23
買賣,房地(土地+建物),北投區溫泉路65巷16號,121.504419,25.135942,,大樓(11層含以上有電梯),,10.14,450,44.38
買賣,房地(土地+建物)+車位,士林區士東路46巷6號,121.527619,25.111571,,華廈(10層含以下有電梯),,108.14,6030,55.76
買賣,房地(土地+建物),文山區興隆路一段101號,121.541693,25.002721,,華廈(10層含以下有電梯),,28.58,1760,61.58
買賣,房地(土地+建物),北投區吉利街101號,121.506003,25.118518,,公寓(5樓含以下無電梯),,29.3,1320,45.05
買賣,房地(土地+建物)+車位,北投區中央北路四段18巷46弄16號,121.479004,25.136361,,華廈(10層含以下有電梯),,53.7,1720,32.03
買賣,房地(土地+建物),士林區福國路96號,121.522226,25.102105,,大樓(11層含以上有電梯),,36.96,2000,54.11
買賣,房地(土地+建物),松山區八德路三段199巷16號,121.556229,25.049085,,華廈(10層含以下有電梯),,17.57,1400,79.68
買賣,房地(土地+建物)+車位,士林區中山北路七段190巷12弄6號,121.533786,25.12486,,華廈(10層含以下有電梯),,96.86,5200,53.69
買賣,房地(土地+建物)+車位,南港區研究院路三段68巷16號,121.614029,25.035264,,公寓(5樓含以下無電梯),,28.25,1200,42.48
買賣,房地(土地+建物)+車位,大安區新生南路一段97巷36號,121.535769,25.041128,,華廈(10層含以下有電梯),,52.62,6088,115.7
買賣,房地(土地+建物)+車位,士林區中山北路六段157巷11號,121.524117,25.106847,,大樓(11層含以上有電梯),,39.35,2870,72.94
買賣,房地(土地+建物)+車位,信義區基隆路一段376號,121.560458,25.034897,,華廈(10層含以下有電梯),,130.03,10000,76.91
買賣,房地(土地+建物),中正區汀州路一段346號,121.512647,25.026457,,大樓(11層含以上有電梯),,44.45,3319,74.67
買賣,房地(土地+建物),大安區溫州街12巷24弄1號,121.533559,25.024989,,公寓(5樓含以下無電梯),,25.06,2120,84.6
買賣,房地(土地+建物)+車位,大同區雙連街76號,121.518797,25.059857,,大樓(11層含以上有電梯),,67.31,5490,91.91
買賣,房地(土地+建物),文山區興隆路一段70巷11弄11號,121.540594,25.002493,,公寓(5樓含以下無電梯),,34.39,1828,53.15
買賣,房地(土地+建物),中正區羅斯福路三段211號,121.529811,25.019715,,大樓(11層含以上有電梯),,27.97,2970,106.19
